{"level":"info","level":"info","time":"2026-07-30T18:19:06+05:30","message":"Log level set from HEADLAMP_CONFIG_LOG_LEVEL"}
{"level":"info","source":"C:/Users/at9306/Workspace/NetworkCatalouge/NetOps2_Fix_Laptop/NetOps2/backend/cmd/headlamp.go","line":604,"time":"2026-07-30T18:19:06+05:30","message":"Creating Headlamp handler"}
{"level":"info","source":"C:/Users/at9306/Workspace/NetworkCatalouge/NetOps2_Fix_Laptop/NetOps2/backend/cmd/headlamp.go","line":605,"time":"2026-07-30T18:19:06+05:30","message":"Listen address: localhost:4466"}
{"level":"info","source":"C:/Users/at9306/Workspace/NetworkCatalouge/NetOps2_Fix_Laptop/NetOps2/backend/cmd/headlamp.go","line":606,"time":"2026-07-30T18:19:06+05:30","message":"Kubeconfig path: C:\\Users\\at9306\\.kube\\config"}
{"level":"info","source":"C:/Users/at9306/Workspace/NetworkCatalouge/NetOps2_Fix_Laptop/NetOps2/backend/cmd/headlamp.go","line":607,"time":"2026-07-30T18:19:06+05:30","message":"Static plugin dir: "}
{"level":"info","source":"C:/Users/at9306/Workspace/NetworkCatalouge/NetOps2_Fix_Laptop/NetOps2/backend/cmd/headlamp.go","line":608,"time":"2026-07-30T18:19:06+05:30","message":"User plugins dir: C:\\Users\\at9306\\AppData\\Roaming\\Headlamp\\Config\\user-plugins"}
{"level":"info","source":"C:/Users/at9306/Workspace/NetworkCatalouge/NetOps2_Fix_Laptop/NetOps2/backend/cmd/headlamp.go","line":609,"time":"2026-07-30T18:19:06+05:30","message":"Plugins dir: C:\\Users\\at9306\\AppData\\Roaming\\Headlamp\\Config\\plugins"}
{"level":"info","source":"C:/Users/at9306/Workspace/NetworkCatalouge/NetOps2_Fix_Laptop/NetOps2/backend/cmd/headlamp.go","line":610,"time":"2026-07-30T18:19:06+05:30","message":"Dynamic clusters support: true"}
{"level":"info","source":"C:/Users/at9306/Workspace/NetworkCatalouge/NetOps2_Fix_Laptop/NetOps2/backend/cmd/headlamp.go","line":611,"time":"2026-07-30T18:19:06+05:30","message":"Helm support: true"}
{"level":"info","source":"C:/Users/at9306/Workspace/NetworkCatalouge/NetOps2_Fix_Laptop/NetOps2/backend/cmd/headlamp.go","line":612,"time":"2026-07-30T18:19:06+05:30","message":"Proxy URLs: [https://artifacthub.io/*]"}
{"level":"info","source":"C:/Users/at9306/Workspace/NetworkCatalouge/NetOps2_Fix_Laptop/NetOps2/backend/cmd/headlamp.go","line":613,"time":"2026-07-30T18:19:06+05:30","message":"TLS certificate path: "}
{"level":"info","source":"C:/Users/at9306/Workspace/NetworkCatalouge/NetOps2_Fix_Laptop/NetOps2/backend/cmd/headlamp.go","line":614,"time":"2026-07-30T18:19:06+05:30","message":"TLS key path: "}
{"level":"info","source":"C:/Users/at9306/Workspace/NetworkCatalouge/NetOps2_Fix_Laptop/NetOps2/backend/cmd/headlamp.go","line":615,"time":"2026-07-30T18:19:06+05:30","message":"me Username Paths: preferred_username,upn,username,name"}
{"level":"info","source":"C:/Users/at9306/Workspace/NetworkCatalouge/NetOps2_Fix_Laptop/NetOps2/backend/cmd/headlamp.go","line":616,"time":"2026-07-30T18:19:06+05:30","message":"me Email Paths: email"}
{"level":"info","source":"C:/Users/at9306/Workspace/NetworkCatalouge/NetOps2_Fix_Laptop/NetOps2/backend/cmd/headlamp.go","line":617,"time":"2026-07-30T18:19:06+05:30","message":"me Groups Paths: groups,realm_access.roles"}
{"level":"info","source":"C:/Users/at9306/Workspace/NetworkCatalouge/NetOps2_Fix_Laptop/NetOps2/backend/cmd/headlamp.go","line":618,"time":"2026-07-30T18:19:06+05:30","message":"me User Info URL: "}
{"level":"info","source":"C:/Users/at9306/Workspace/NetworkCatalouge/NetOps2_Fix_Laptop/NetOps2/backend/cmd/headlamp.go","line":619,"time":"2026-07-30T18:19:06+05:30","message":"Base URL: "}
{"level":"info","source":"C:/Users/at9306/Workspace/NetworkCatalouge/NetOps2_Fix_Laptop/NetOps2/backend/cmd/headlamp.go","line":620,"time":"2026-07-30T18:19:06+05:30","message":"Session TTL: 86400"}
{"level":"info","source":"C:/Users/at9306/Workspace/NetworkCatalouge/NetOps2_Fix_Laptop/NetOps2/backend/cmd/headlamp.go","line":621,"time":"2026-07-30T18:19:06+05:30","message":"Use In Cluster: false"}
{"level":"info","source":"C:/Users/at9306/Workspace/NetworkCatalouge/NetOps2_Fix_Laptop/NetOps2/backend/cmd/headlamp.go","line":622,"time":"2026-07-30T18:19:06+05:30","message":"Watch Plugins Changes: true"}
{"level":"info","source":"C:/Users/at9306/Workspace/NetworkCatalouge/NetOps2_Fix_Laptop/NetOps2/backend/cmd/headlamp.go","line":674,"time":"2026-07-30T18:19:06+05:30","message":"*** Headlamp Server ***"}
{"level":"info","source":"C:/Users/at9306/Workspace/NetworkCatalouge/NetOps2_Fix_Laptop/NetOps2/backend/cmd/headlamp.go","line":675,"time":"2026-07-30T18:19:06+05:30","message":"  API Routers:"}
{"level":"info","context":"default--api-wnv7a0-wnvlil-itn-3pc-att-com:6443--at9306","clusterURL":"https://api.wnv7a0.wnvlil.itn.3pc.att.com:6443","source":"C:/Users/at9306/Workspace/NetworkCatalouge/NetOps2_Fix_Laptop/NetOps2/backend/pkg/kubeconfig/kubeconfig.go","line":473,"time":"2026-07-30T18:19:06+05:30","message":"Proxy setup"}
{"level":"info","duration_ms":"5371.53","source":"C:/Users/at9306/Workspace/NetworkCatalouge/NetOps2_Fix_Laptop/NetOps2/backend/cmd/headlamp.go","line":1927,"time":"2026-07-30T18:19:12+05:30","message":"Request completed successfully"}
{"level":"info","context":"docker-desktop","clusterURL":"https://kubernetes.docker.internal:6443","source":"C:/Users/at9306/Workspace/NetworkCatalouge/NetOps2_Fix_Laptop/NetOps2/backend/pkg/kubeconfig/kubeconfig.go","line":473,"time":"2026-07-30T18:19:12+05:30","message":"Proxy setup"}
{"level":"info","context":"minikube","clusterURL":"https://127.0.0.1:60279","source":"C:/Users/at9306/Workspace/NetworkCatalouge/NetOps2_Fix_Laptop/NetOps2/backend/pkg/kubeconfig/kubeconfig.go","line":473,"time":"2026-07-30T18:19:12+05:30","message":"Proxy setup"}
2026/07/30 18:19:12 http: proxy error: dial tcp 127.0.0.1:60279: connectex: No connection could be made because the target machine actively refused it.
{"level":"info","duration_ms":"11.47","source":"C:/Users/at9306/Workspace/NetworkCatalouge/NetOps2_Fix_Laptop/NetOps2/backend/cmd/headlamp.go","line":1927,"time":"2026-07-30T18:19:12+05:30","message":"Request completed successfully"}
2026/07/30 18:19:12 http: proxy error: dial tcp 127.0.0.1:60279: connectex: No connection could be made because the target machine actively refused it.
{"level":"info","duration_ms":"1.73","source":"C:/Users/at9306/Workspace/NetworkCatalouge/NetOps2_Fix_Laptop/NetOps2/backend/cmd/headlamp.go","line":1927,"time":"2026-07-30T18:19:12+05:30","message":"Request completed successfully"}
2026/07/30 18:19:12 http: proxy error: dial tcp: lookup kubernetes.docker.internal: no such host
{"level":"info","duration_ms":"52.20","source":"C:/Users/at9306/Workspace/NetworkCatalouge/NetOps2_Fix_Laptop/NetOps2/backend/cmd/headlamp.go","line":1927,"time":"2026-07-30T18:19:12+05:30","message":"Request completed successfully"}
2026/07/30 18:19:12 http: proxy error: dial tcp: lookup kubernetes.docker.internal: no such host
{"level":"info","duration_ms":"5.66","source":"C:/Users/at9306/Workspace/NetworkCatalouge/NetOps2_Fix_Laptop/NetOps2/backend/cmd/headlamp.go","line":1927,"time":"2026-07-30T18:19:12+05:30","message":"Request completed successfully"}
{"level":"info","duration_ms":"2504.67","source":"C:/Users/at9306/Workspace/NetworkCatalouge/NetOps2_Fix_Laptop/NetOps2/backend/cmd/headlamp.go","line":1927,"time":"2026-07-30T18:19:12+05:30","message":"Request completed successfully"}
{"level":"info","duration_ms":"415.87","source":"C:/Users/at9306/Workspace/NetworkCatalouge/NetOps2_Fix_Laptop/NetOps2/backend/cmd/headlamp.go","line":1927,"time":"2026-07-30T18:19:12+05:30","message":"Request completed successfully"}
{"level":"info","duration_ms":"388.44","source":"C:/Users/at9306/Workspace/NetworkCatalouge/NetOps2_Fix_Laptop/NetOps2/backend/cmd/headlamp.go","line":1927,"time":"2026-07-30T18:19:13+05:30","message":"Request completed successfully"}
{"level":"info","duration_ms":"300.38","source":"C:/Users/at9306/Workspace/NetworkCatalouge/NetOps2_Fix_Laptop/NetOps2/backend/cmd/headlamp.go","line":1927,"time":"2026-07-30T18:19:19+05:30","message":"Request completed successfully"}
{"level":"info","source":"C:/Users/at9306/Workspace/NetworkCatalouge/NetOps2_Fix_Laptop/NetOps2/backend/pkg/overviewstats/overviewstats.go","line":180,"time":"2026-07-30T18:19:19+05:30","message":"overviewstats: starting watcher for cluster default--api-wnv7a0-wnvlil-itn-3pc-att-com:6443--at9306"}
{"level":"info","duration_ms":"9476.97","source":"C:/Users/at9306/Workspace/NetworkCatalouge/NetOps2_Fix_Laptop/NetOps2/backend/cmd/headlamp.go","line":1927,"time":"2026-07-30T18:19:30+05:30","message":"Request completed successfully"}
{"level":"info","duration_ms":"13637.17","source":"C:/Users/at9306/Workspace/NetworkCatalouge/NetOps2_Fix_Laptop/NetOps2/backend/cmd/headlamp.go","line":1927,"time":"2026-07-30T18:19:52+05:30","message":"Request completed successfully"}
{"level":"info","source":"C:/Users/at9306/Workspace/NetworkCatalouge/NetOps2_Fix_Laptop/NetOps2/backend/pkg/overviewstats/overviewstats.go","line":262,"time":"2026-07-30T18:19:57+05:30","message":"overviewstats: watcher synced for cluster default--api-wnv7a0-wnvlil-itn-3pc-att-com:6443--at9306"}
{"level":"info","duration_ms":"331.76","source":"C:/Users/at9306/Workspace/NetworkCatalouge/NetOps2_Fix_Laptop/NetOps2/backend/cmd/headlamp.go","line":1927,"time":"2026-07-30T18:19:59+05:30","message":"Request completed successfully"}
2026/07/30 18:20:12 http: proxy error: dial tcp 127.0.0.1:60279: connectex: No connection could be made because the target machine actively refused it.
{"level":"info","duration_ms":"9.15","source":"C:/Users/at9306/Workspace/NetworkCatalouge/NetOps2_Fix_Laptop/NetOps2/backend/cmd/headlamp.go","line":1927,"time":"2026-07-30T18:20:12+05:30","message":"Request completed successfully"}
2026/07/30 18:20:12 http: proxy error: dial tcp 127.0.0.1:60279: connectex: No connection could be made because the target machine actively refused it.
{"level":"info","duration_ms":"2.83","source":"C:/Users/at9306/Workspace/NetworkCatalouge/NetOps2_Fix_Laptop/NetOps2/backend/cmd/headlamp.go","line":1927,"time":"2026-07-30T18:20:12+05:30","message":"Request completed successfully"}
2026/07/30 18:20:12 http: proxy error: dial tcp: lookup kubernetes.docker.internal: no such host
{"level":"info","duration_ms":"52.50","source":"C:/Users/at9306/Workspace/NetworkCatalouge/NetOps2_Fix_Laptop/NetOps2/backend/cmd/headlamp.go","line":1927,"time":"2026-07-30T18:20:12+05:30","message":"Request completed successfully"}
2026/07/30 18:20:12 http: proxy error: dial tcp: lookup kubernetes.docker.internal: no such host
{"level":"info","duration_ms":"10.81","source":"C:/Users/at9306/Workspace/NetworkCatalouge/NetOps2_Fix_Laptop/NetOps2/backend/cmd/headlamp.go","line":1927,"time":"2026-07-30T18:20:12+05:30","message":"Request completed successfully"}
{"level":"info","duration_ms":"721.81","source":"C:/Users/at9306/Workspace/NetworkCatalouge/NetOps2_Fix_Laptop/NetOps2/backend/cmd/headlamp.go","line":1927,"time":"2026-07-30T18:20:12+05:30","message":"Request completed successfully"}
{"level":"info","duration_ms":"409.14","source":"C:/Users/at9306/Workspace/NetworkCatalouge/NetOps2_Fix_Laptop/NetOps2/backend/cmd/headlamp.go","line":1927,"time":"2026-07-30T18:20:13+05:30","message":"Request completed successfully"}
{"level":"info","duration_ms":"291.84","source":"C:/Users/at9306/Workspace/NetworkCatalouge/NetOps2_Fix_Laptop/NetOps2/backend/cmd/headlamp.go","line":1927,"time":"2026-07-30T18:20:19+05:30","message":"Request completed successfully"}
{"level":"info","duration_ms":"1190.52","source":"C:/Users/at9306/Workspace/NetworkCatalouge/NetOps2_Fix_Laptop/NetOps2/backend/cmd/headlamp.go","line":1927,"time":"2026-07-30T18:20:21+05:30","message":"Request completed successfully"}
{"level":"info","duration_ms":"1196.77","source":"C:/Users/at9306/Workspace/NetworkCatalouge/NetOps2_Fix_Laptop/NetOps2/backend/cmd/headlamp.go","line":1927,"time":"2026-07-30T18:20:21+05:30","message":"Request completed successfully"}
{"level":"info","duration_ms":"368.93","source":"C:/Users/at9306/Workspace/NetworkCatalouge/NetOps2_Fix_Laptop/NetOps2/backend/cmd/headlamp.go","line":1927,"time":"2026-07-30T18:20:39+05:30","message":"Request completed successfully"}
{"level":"info","duration_ms":"310.82","source":"C:/Users/at9306/Workspace/NetworkCatalouge/NetOps2_Fix_Laptop/NetOps2/backend/cmd/headlamp.go","line":1927,"time":"2026-07-30T18:20:59+05:30","message":"Request completed successfully"}
2026/07/30 18:21:12 http: proxy error: dial tcp 127.0.0.1:60279: connectex: No connection could be made because the target machine actively refused it.
{"level":"info","duration_ms":"7.59","source":"C:/Users/at9306/Workspace/NetworkCatalouge/NetOps2_Fix_Laptop/NetOps2/backend/cmd/headlamp.go","line":1927,"time":"2026-07-30T18:21:12+05:30","message":"Request completed successfully"}
2026/07/30 18:21:12 http: proxy error: dial tcp 127.0.0.1:60279: connectex: No connection could be made because the target machine actively refused it.
{"level":"info","duration_ms":"1.08","source":"C:/Users/at9306/Workspace/NetworkCatalouge/NetOps2_Fix_Laptop/NetOps2/backend/cmd/headlamp.go","line":1927,"time":"2026-07-30T18:21:12+05:30","message":"Request completed successfully"}
2026/07/30 18:21:12 http: proxy error: dial tcp: lookup kubernetes.docker.internal: no such host
{"level":"info","duration_ms":"49.42","source":"C:/Users/at9306/Workspace/NetworkCatalouge/NetOps2_Fix_Laptop/NetOps2/backend/cmd/headlamp.go","line":1927,"time":"2026-07-30T18:21:12+05:30","message":"Request completed successfully"}
2026/07/30 18:21:12 http: proxy error: dial tcp: lookup kubernetes.docker.internal: no such host
{"level":"info","duration_ms":"6.38","source":"C:/Users/at9306/Workspace/NetworkCatalouge/NetOps2_Fix_Laptop/NetOps2/backend/cmd/headlamp.go","line":1927,"time":"2026-07-30T18:21:12+05:30","message":"Request completed successfully"}
{"level":"info","duration_ms":"326.80","source":"C:/Users/at9306/Workspace/NetworkCatalouge/NetOps2_Fix_Laptop/NetOps2/backend/cmd/headlamp.go","line":1927,"time":"2026-07-30T18:21:12+05:30","message":"Request completed successfully"}
{"level":"info","duration_ms":"292.88","source":"C:/Users/at9306/Workspace/NetworkCatalouge/NetOps2_Fix_Laptop/NetOps2/backend/cmd/headlamp.go","line":1927,"time":"2026-07-30T18:21:12+05:30","message":"Request completed successfully"}
{"level":"info","duration_ms":"410.20","source":"C:/Users/at9306/Workspace/NetworkCatalouge/NetOps2_Fix_Laptop/NetOps2/backend/cmd/headlamp.go","line":1927,"time":"2026-07-30T18:21:19+05:30","message":"Request completed successfully"}
{"level":"info","duration_ms":"1183.95","source":"C:/Users/at9306/Workspace/NetworkCatalouge/NetOps2_Fix_Laptop/NetOps2/backend/cmd/headlamp.go","line":1927,"time":"2026-07-30T18:21:22+05:30","message":"Request completed successfully"}
{"level":"info","duration_ms":"1088.43","source":"C:/Users/at9306/Workspace/NetworkCatalouge/NetOps2_Fix_Laptop/NetOps2/backend/cmd/headlamp.go","line":1927,"time":"2026-07-30T18:21:22+05:30","message":"Request completed successfully"}
{"level":"info","duration_ms":"301.54","source":"C:/Users/at9306/Workspace/NetworkCatalouge/NetOps2_Fix_Laptop/NetOps2/backend/cmd/headlamp.go","line":1927,"time":"2026-07-30T18:21:39+05:30","message":"Request completed successfully"}
{"level":"info","duration_ms":"294.53","source":"C:/Users/at9306/Workspace/NetworkCatalouge/NetOps2_Fix_Laptop/NetOps2/backend/cmd/headlamp.go","line":1927,"time":"2026-07-30T18:21:59+05:30","message":"Request completed successfully"}
2026/07/30 18:22:12 http: proxy error: dial tcp 127.0.0.1:60279: connectex: No connection could be made because the target machine actively refused it.
{"level":"info","duration_ms":"7.98","source":"C:/Users/at9306/Workspace/NetworkCatalouge/NetOps2_Fix_Laptop/NetOps2/backend/cmd/headlamp.go","line":1927,"time":"2026-07-30T18:22:12+05:30","message":"Request completed successfully"}
2026/07/30 18:22:12 http: proxy error: dial tcp 127.0.0.1:60279: connectex: No connection could be made because the target machine actively refused it.
{"level":"info","duration_ms":"1.34","source":"C:/Users/at9306/Workspace/NetworkCatalouge/NetOps2_Fix_Laptop/NetOps2/backend/cmd/headlamp.go","line":1927,"time":"2026-07-30T18:22:12+05:30","message":"Request completed successfully"}
2026/07/30 18:22:12 http: proxy error: dial tcp: lookup kubernetes.docker.internal: no such host
{"level":"info","duration_ms":"75.09","source":"C:/Users/at9306/Workspace/NetworkCatalouge/NetOps2_Fix_Laptop/NetOps2/backend/cmd/headlamp.go","line":1927,"time":"2026-07-30T18:22:12+05:30","message":"Request completed successfully"}
2026/07/30 18:22:12 http: proxy error: dial tcp: lookup kubernetes.docker.internal: no such host
{"level":"info","duration_ms":"3.41","source":"C:/Users/at9306/Workspace/NetworkCatalouge/NetOps2_Fix_Laptop/NetOps2/backend/cmd/headlamp.go","line":1927,"time":"2026-07-30T18:22:12+05:30","message":"Request completed successfully"}
{"level":"info","duration_ms":"302.25","source":"C:/Users/at9306/Workspace/NetworkCatalouge/NetOps2_Fix_Laptop/NetOps2/backend/cmd/headlamp.go","line":1927,"time":"2026-07-30T18:22:12+05:30","message":"Request completed successfully"}
{"level":"info","duration_ms":"286.52","source":"C:/Users/at9306/Workspace/NetworkCatalouge/NetOps2_Fix_Laptop/NetOps2/backend/cmd/headlamp.go","line":1927,"time":"2026-07-30T18:22:12+05:30","message":"Request completed successfully"}
{"level":"info","duration_ms":"313.98","source":"C:/Users/at9306/Workspace/NetworkCatalouge/NetOps2_Fix_Laptop/NetOps2/backend/cmd/headlamp.go","line":1927,"time":"2026-07-30T18:22:19+05:30","message":"Request completed successfully"}
{"level":"info","duration_ms":"1021.81","source":"C:/Users/at9306/Workspace/NetworkCatalouge/NetOps2_Fix_Laptop/NetOps2/backend/cmd/headlamp.go","line":1927,"time":"2026-07-30T18:22:23+05:30","message":"Request completed successfully"}
{"level":"info","duration_ms":"987.65","source":"C:/Users/at9306/Workspace/NetworkCatalouge/NetOps2_Fix_Laptop/NetOps2/backend/cmd/headlamp.go","line":1927,"time":"2026-07-30T18:22:23+05:30","message":"Request completed successfully"}
{"level":"info","duration_ms":"383.54","source":"C:/Users/at9306/Workspace/NetworkCatalouge/NetOps2_Fix_Laptop/NetOps2/backend/cmd/headlamp.go","line":1927,"time":"2026-07-30T18:22:39+05:30","message":"Request completed successfully"}
{"level":"info","duration_ms":"329.87","source":"C:/Users/at9306/Workspace/NetworkCatalouge/NetOps2_Fix_Laptop/NetOps2/backend/cmd/headlamp.go","line":1927,"time":"2026-07-30T18:22:59+05:30","message":"Request completed successfully"}
2026/07/30 18:23:12 http: proxy error: dial tcp 127.0.0.1:60279: connectex: No connection could be made because the target machine actively refused it.
{"level":"info","duration_ms":"8.25","source":"C:/Users/at9306/Workspace/NetworkCatalouge/NetOps2_Fix_Laptop/NetOps2/backend/cmd/headlamp.go","line":1927,"time":"2026-07-30T18:23:12+05:30","message":"Request completed successfully"}
2026/07/30 18:23:12 http: proxy error: dial tcp 127.0.0.1:60279: connectex: No connection could be made because the target machine actively refused it.
{"level":"info","duration_ms":"1.09","source":"C:/Users/at9306/Workspace/NetworkCatalouge/NetOps2_Fix_Laptop/NetOps2/backend/cmd/headlamp.go","line":1927,"time":"2026-07-30T18:23:12+05:30","message":"Request completed successfully"}
2026/07/30 18:23:12 http: proxy error: dial tcp: lookup kubernetes.docker.internal: no such host
{"level":"info","duration_ms":"42.16","source":"C:/Users/at9306/Workspace/NetworkCatalouge/NetOps2_Fix_Laptop/NetOps2/backend/cmd/headlamp.go","line":1927,"time":"2026-07-30T18:23:12+05:30","message":"Request completed successfully"}
2026/07/30 18:23:12 http: proxy error: dial tcp: lookup kubernetes.docker.internal: no such host
{"level":"info","duration_ms":"4.53","source":"C:/Users/at9306/Workspace/NetworkCatalouge/NetOps2_Fix_Laptop/NetOps2/backend/cmd/headlamp.go","line":1927,"time":"2026-07-30T18:23:12+05:30","message":"Request completed successfully"}
{"level":"info","duration_ms":"954.61","source":"C:/Users/at9306/Workspace/NetworkCatalouge/NetOps2_Fix_Laptop/NetOps2/backend/cmd/headlamp.go","line":1927,"time":"2026-07-30T18:23:13+05:30","message":"Request completed successfully"}
{"level":"info","duration_ms":"396.90","source":"C:/Users/at9306/Workspace/NetworkCatalouge/NetOps2_Fix_Laptop/NetOps2/backend/cmd/headlamp.go","line":1927,"time":"2026-07-30T18:23:13+05:30","message":"Request completed successfully"}
{"level":"info","duration_ms":"294.65","source":"C:/Users/at9306/Workspace/NetworkCatalouge/NetOps2_Fix_Laptop/NetOps2/backend/cmd/headlamp.go","line":1927,"time":"2026-07-30T18:23:19+05:30","message":"Request completed successfully"}
{"level":"info","duration_ms":"1356.55","source":"C:/Users/at9306/Workspace/NetworkCatalouge/NetOps2_Fix_Laptop/NetOps2/backend/cmd/headlamp.go","line":1927,"time":"2026-07-30T18:23:25+05:30","message":"Request completed successfully"}
{"level":"info","duration_ms":"1363.46","source":"C:/Users/at9306/Workspace/NetworkCatalouge/NetOps2_Fix_Laptop/NetOps2/backend/cmd/headlamp.go","line":1927,"time":"2026-07-30T18:23:25+05:30","message":"Request completed successfully"}
{"level":"info","duration_ms":"381.73","source":"C:/Users/at9306/Workspace/NetworkCatalouge/NetOps2_Fix_Laptop/NetOps2/backend/cmd/headlamp.go","line":1927,"time":"2026-07-30T18:23:39+05:30","message":"Request completed successfully"}
{"level":"info","duration_ms":"357.05","source":"C:/Users/at9306/Workspace/NetworkCatalouge/NetOps2_Fix_Laptop/NetOps2/backend/cmd/headlamp.go","line":1927,"time":"2026-07-30T18:23:59+05:30","message":"Request completed successfully"}
2026/07/30 18:24:12 http: proxy error: dial tcp 127.0.0.1:60279: connectex: No connection could be made because the target machine actively refused it.
{"level":"info","duration_ms":"1.72","source":"C:/Users/at9306/Workspace/NetworkCatalouge/NetOps2_Fix_Laptop/NetOps2/backend/cmd/headlamp.go","line":1927,"time":"2026-07-30T18:24:12+05:30","message":"Request completed successfully"}
2026/07/30 18:24:12 http: proxy error: dial tcp 127.0.0.1:60279: connectex: No connection could be made because the target machine actively refused it.
{"level":"info","duration_ms":"1.10","source":"C:/Users/at9306/Workspace/NetworkCatalouge/NetOps2_Fix_Laptop/NetOps2/backend/cmd/headlamp.go","line":1927,"time":"2026-07-30T18:24:12+05:30","message":"Request completed successfully"}
2026/07/30 18:24:12 http: proxy error: dial tcp: lookup kubernetes.docker.internal: no such host
{"level":"info","duration_ms":"59.95","source":"C:/Users/at9306/Workspace/NetworkCatalouge/NetOps2_Fix_Laptop/NetOps2/backend/cmd/headlamp.go","line":1927,"time":"2026-07-30T18:24:12+05:30","message":"Request completed successfully"}
2026/07/30 18:24:12 http: proxy error: dial tcp: lookup kubernetes.docker.internal: no such host
{"level":"info","duration_ms":"13.92","source":"C:/Users/at9306/Workspace/NetworkCatalouge/NetOps2_Fix_Laptop/NetOps2/backend/cmd/headlamp.go","line":1927,"time":"2026-07-30T18:24:12+05:30","message":"Request completed successfully"}
{"level":"info","duration_ms":"293.25","source":"C:/Users/at9306/Workspace/NetworkCatalouge/NetOps2_Fix_Laptop/NetOps2/backend/cmd/headlamp.go","line":1927,"time":"2026-07-30T18:24:12+05:30","message":"Request completed successfully"}
{"level":"info","duration_ms":"342.56","source":"C:/Users/at9306/Workspace/NetworkCatalouge/NetOps2_Fix_Laptop/NetOps2/backend/cmd/headlamp.go","line":1927,"time":"2026-07-30T18:24:12+05:30","message":"Request completed successfully"}
{"level":"info","duration_ms":"420.19","source":"C:/Users/at9306/Workspace/NetworkCatalouge/NetOps2_Fix_Laptop/NetOps2/backend/cmd/headlamp.go","line":1927,"time":"2026-07-30T18:24:19+05:30","message":"Request completed successfully"}
{"level":"info","duration_ms":"1289.84","source":"C:/Users/at9306/Workspace/NetworkCatalouge/NetOps2_Fix_Laptop/NetOps2/backend/cmd/headlamp.go","line":1927,"time":"2026-07-30T18:24:26+05:30","message":"Request completed successfully"}
{"level":"info","duration_ms":"3363.00","source":"C:/Users/at9306/Workspace/NetworkCatalouge/NetOps2_Fix_Laptop/NetOps2/backend/cmd/headlamp.go","line":1927,"time":"2026-07-30T18:24:28+05:30","message":"Request completed successfully"}
{"level":"info","duration_ms":"394.73","source":"C:/Users/at9306/Workspace/NetworkCatalouge/NetOps2_Fix_Laptop/NetOps2/backend/cmd/headlamp.go","line":1927,"time":"2026-07-30T18:24:39+05:30","message":"Request completed successfully"}
{"level":"info","duration_ms":"326.48","source":"C:/Users/at9306/Workspace/NetworkCatalouge/NetOps2_Fix_Laptop/NetOps2/backend/cmd/headlamp.go","line":1927,"time":"2026-07-30T18:24:59+05:30","message":"Request completed successfully"}
2026/07/30 18:25:12 http: proxy error: dial tcp 127.0.0.1:60279: connectex: No connection could be made because the target machine actively refused it.
{"level":"info","duration_ms":"7.70","source":"C:/Users/at9306/Workspace/NetworkCatalouge/NetOps2_Fix_Laptop/NetOps2/backend/cmd/headlamp.go","line":1927,"time":"2026-07-30T18:25:12+05:30","message":"Request completed successfully"}
2026/07/30 18:25:12 http: proxy error: dial tcp 127.0.0.1:60279: connectex: No connection could be made because the target machine actively refused it.
{"level":"info","duration_ms":"1.33","source":"C:/Users/at9306/Workspace/NetworkCatalouge/NetOps2_Fix_Laptop/NetOps2/backend/cmd/headlamp.go","line":1927,"time":"2026-07-30T18:25:12+05:30","message":"Request completed successfully"}
2026/07/30 18:25:12 http: proxy error: dial tcp: lookup kubernetes.docker.internal: no such host
{"level":"info","duration_ms":"75.68","source":"C:/Users/at9306/Workspace/NetworkCatalouge/NetOps2_Fix_Laptop/NetOps2/backend/cmd/headlamp.go","line":1927,"time":"2026-07-30T18:25:12+05:30","message":"Request completed successfully"}
2026/07/30 18:25:12 http: proxy error: dial tcp: lookup kubernetes.docker.internal: no such host
{"level":"info","duration_ms":"14.58","source":"C:/Users/at9306/Workspace/NetworkCatalouge/NetOps2_Fix_Laptop/NetOps2/backend/cmd/headlamp.go","line":1927,"time":"2026-07-30T18:25:12+05:30","message":"Request completed successfully"}
{"level":"info","duration_ms":"766.72","source":"C:/Users/at9306/Workspace/NetworkCatalouge/NetOps2_Fix_Laptop/NetOps2/backend/cmd/headlamp.go","line":1927,"time":"2026-07-30T18:25:12+05:30","message":"Request completed successfully"}
{"level":"info","duration_ms":"401.83","source":"C:/Users/at9306/Workspace/NetworkCatalouge/NetOps2_Fix_Laptop/NetOps2/backend/cmd/headlamp.go","line":1927,"time":"2026-07-30T18:25:13+05:30","message":"Request completed successfully"}
{"level":"info","duration_ms":"431.55","source":"C:/Users/at9306/Workspace/NetworkCatalouge/NetOps2_Fix_Laptop/NetOps2/backend/cmd/headlamp.go","line":1927,"time":"2026-07-30T18:25:19+05:30","message":"Request completed successfully"}
{"level":"info","duration_ms":"1265.24","source":"C:/Users/at9306/Workspace/NetworkCatalouge/NetOps2_Fix_Laptop/NetOps2/backend/cmd/headlamp.go","line":1927,"time":"2026-07-30T18:25:28+05:30","message":"Request completed successfully"}
{"level":"info","duration_ms":"1080.93","source":"C:/Users/at9306/Workspace/NetworkCatalouge/NetOps2_Fix_Laptop/NetOps2/backend/cmd/headlamp.go","line":1927,"time":"2026-07-30T18:25:30+05:30","message":"Request completed successfully"}
{"level":"info","duration_ms":"405.92","source":"C:/Users/at9306/Workspace/NetworkCatalouge/NetOps2_Fix_Laptop/NetOps2/backend/cmd/headlamp.go","line":1927,"time":"2026-07-30T18:25:39+05:30","message":"Request completed successfully"}
{"level":"info","duration_ms":"309.57","source":"C:/Users/at9306/Workspace/NetworkCatalouge/NetOps2_Fix_Laptop/NetOps2/backend/cmd/headlamp.go","line":1927,"time":"2026-07-30T18:25:59+05:30","message":"Request completed successfully"}
2026/07/30 18:26:12 http: proxy error: dial tcp 127.0.0.1:60279: connectex: No connection could be made because the target machine actively refused it.
{"level":"info","duration_ms":"8.21","source":"C:/Users/at9306/Workspace/NetworkCatalouge/NetOps2_Fix_Laptop/NetOps2/backend/cmd/headlamp.go","line":1927,"time":"2026-07-30T18:26:12+05:30","message":"Request completed successfully"}
2026/07/30 18:26:12 http: proxy error: dial tcp 127.0.0.1:60279: connectex: No connection could be made because the target machine actively refused it.
{"level":"info","duration_ms":"1.65","source":"C:/Users/at9306/Workspace/NetworkCatalouge/NetOps2_Fix_Laptop/NetOps2/backend/cmd/headlamp.go","line":1927,"time":"2026-07-30T18:26:12+05:30","message":"Request completed successfully"}
2026/07/30 18:26:12 http: proxy error: dial tcp: lookup kubernetes.docker.internal: no such host
{"level":"info","duration_ms":"65.93","source":"C:/Users/at9306/Workspace/NetworkCatalouge/NetOps2_Fix_Laptop/NetOps2/backend/cmd/headlamp.go","line":1927,"time":"2026-07-30T18:26:12+05:30","message":"Request completed successfully"}
2026/07/30 18:26:12 http: proxy error: dial tcp: lookup kubernetes.docker.internal: no such host
{"level":"info","duration_ms":"5.32","source":"C:/Users/at9306/Workspace/NetworkCatalouge/NetOps2_Fix_Laptop/NetOps2/backend/cmd/headlamp.go","line":1927,"time":"2026-07-30T18:26:12+05:30","message":"Request completed successfully"}
{"level":"info","duration_ms":"987.89","source":"C:/Users/at9306/Workspace/NetworkCatalouge/NetOps2_Fix_Laptop/NetOps2/backend/cmd/headlamp.go","line":1927,"time":"2026-07-30T18:26:13+05:30","message":"Request completed successfully"}
{"level":"info","duration_ms":"386.59","source":"C:/Users/at9306/Workspace/NetworkCatalouge/NetOps2_Fix_Laptop/NetOps2/backend/cmd/headlamp.go","line":1927,"time":"2026-07-30T18:26:13+05:30","message":"Request completed successfully"}
{"level":"info","duration_ms":"421.89","source":"C:/Users/at9306/Workspace/NetworkCatalouge/NetOps2_Fix_Laptop/NetOps2/backend/cmd/headlamp.go","line":1927,"time":"2026-07-30T18:26:19+05:30","message":"Request completed successfully"}
{"level":"info","duration_ms":"1501.06","source":"C:/Users/at9306/Workspace/NetworkCatalouge/NetOps2_Fix_Laptop/NetOps2/backend/cmd/headlamp.go","line":1927,"time":"2026-07-30T18:26:29+05:30","message":"Request completed successfully"}
{"level":"info","duration_ms":"1475.63","source":"C:/Users/at9306/Workspace/NetworkCatalouge/NetOps2_Fix_Laptop/NetOps2/backend/cmd/headlamp.go","line":1927,"time":"2026-07-30T18:26:31+05:30","message":"Request completed successfully"}
{"level":"info","duration_ms":"414.37","source":"C:/Users/at9306/Workspace/NetworkCatalouge/NetOps2_Fix_Laptop/NetOps2/backend/cmd/headlamp.go","line":1927,"time":"2026-07-30T18:26:39+05:30","message":"Request completed successfully"}
{"level":"info","duration_ms":"346.15","source":"C:/Users/at9306/Workspace/NetworkCatalouge/NetOps2_Fix_Laptop/NetOps2/backend/cmd/headlamp.go","line":1927,"time":"2026-07-30T18:26:59+05:30","message":"Request completed successfully"}
2026/07/30 18:27:12 http: proxy error: dial tcp 127.0.0.1:60279: connectex: No connection could be made because the target machine actively refused it.
{"level":"info","duration_ms":"7.69","source":"C:/Users/at9306/Workspace/NetworkCatalouge/NetOps2_Fix_Laptop/NetOps2/backend/cmd/headlamp.go","line":1927,"time":"2026-07-30T18:27:12+05:30","message":"Request completed successfully"}
2026/07/30 18:27:12 http: proxy error: dial tcp 127.0.0.1:60279: connectex: No connection could be made because the target machine actively refused it.
{"level":"info","duration_ms":"1.70","source":"C:/Users/at9306/Workspace/NetworkCatalouge/NetOps2_Fix_Laptop/NetOps2/backend/cmd/headlamp.go","line":1927,"time":"2026-07-30T18:27:12+05:30","message":"Request completed successfully"}
2026/07/30 18:27:12 http: proxy error: dial tcp: lookup kubernetes.docker.internal: no such host
{"level":"info","duration_ms":"61.35","source":"C:/Users/at9306/Workspace/NetworkCatalouge/NetOps2_Fix_Laptop/NetOps2/backend/cmd/headlamp.go","line":1927,"time":"2026-07-30T18:27:12+05:30","message":"Request completed successfully"}
2026/07/30 18:27:12 http: proxy error: dial tcp: lookup kubernetes.docker.internal: no such host
{"level":"info","duration_ms":"6.98","source":"C:/Users/at9306/Workspace/NetworkCatalouge/NetOps2_Fix_Laptop/NetOps2/backend/cmd/headlamp.go","line":1927,"time":"2026-07-30T18:27:12+05:30","message":"Request completed successfully"}
{"level":"info","duration_ms":"723.96","source":"C:/Users/at9306/Workspace/NetworkCatalouge/NetOps2_Fix_Laptop/NetOps2/backend/cmd/headlamp.go","line":1927,"time":"2026-07-30T18:27:12+05:30","message":"Request completed successfully"}
{"level":"info","duration_ms":"343.22","source":"C:/Users/at9306/Workspace/NetworkCatalouge/NetOps2_Fix_Laptop/NetOps2/backend/cmd/headlamp.go","line":1927,"time":"2026-07-30T18:27:13+05:30","message":"Request completed successfully"}
{"level":"info","duration_ms":"346.40","source":"C:/Users/at9306/Workspace/NetworkCatalouge/NetOps2_Fix_Laptop/NetOps2/backend/cmd/headlamp.go","line":1927,"time":"2026-07-30T18:27:19+05:30","message":"Request completed successfully"}
{"level":"info","duration_ms":"1284.18","source":"C:/Users/at9306/Workspace/NetworkCatalouge/NetOps2_Fix_Laptop/NetOps2/backend/cmd/headlamp.go","line":1927,"time":"2026-07-30T18:27:31+05:30","message":"Request completed successfully"}
{"level":"info","duration_ms":"1057.94","source":"C:/Users/at9306/Workspace/NetworkCatalouge/NetOps2_Fix_Laptop/NetOps2/backend/cmd/headlamp.go","line":1927,"time":"2026-07-30T18:27:32+05:30","message":"Request completed successfully"}
{"level":"info","duration_ms":"304.84","source":"C:/Users/at9306/Workspace/NetworkCatalouge/NetOps2_Fix_Laptop/NetOps2/backend/cmd/headlamp.go","line":1927,"time":"2026-07-30T18:27:39+05:30","message":"Request completed successfully"}
{"level":"info","duration_ms":"347.72","source":"C:/Users/at9306/Workspace/NetworkCatalouge/NetOps2_Fix_Laptop/NetOps2/backend/cmd/headlamp.go","line":1927,"time":"2026-07-30T18:27:59+05:30","message":"Request completed successfully"}
2026/07/30 18:28:12 http: proxy error: dial tcp 127.0.0.1:60279: connectex: No connection could be made because the target machine actively refused it.
{"level":"info","duration_ms":"8.60","source":"C:/Users/at9306/Workspace/NetworkCatalouge/NetOps2_Fix_Laptop/NetOps2/backend/cmd/headlamp.go","line":1927,"time":"2026-07-30T18:28:12+05:30","message":"Request completed successfully"}
2026/07/30 18:28:12 http: proxy error: dial tcp 127.0.0.1:60279: connectex: No connection could be made because the target machine actively refused it.
{"level":"info","duration_ms":"1.29","source":"C:/Users/at9306/Workspace/NetworkCatalouge/NetOps2_Fix_Laptop/NetOps2/backend/cmd/headlamp.go","line":1927,"time":"2026-07-30T18:28:12+05:30","message":"Request completed successfully"}
2026/07/30 18:28:12 http: proxy error: dial tcp: lookup kubernetes.docker.internal: no such host
{"level":"info","duration_ms":"71.37","source":"C:/Users/at9306/Workspace/NetworkCatalouge/NetOps2_Fix_Laptop/NetOps2/backend/cmd/headlamp.go","line":1927,"time":"2026-07-30T18:28:12+05:30","message":"Request completed successfully"}
2026/07/30 18:28:12 http: proxy error: dial tcp: lookup kubernetes.docker.internal: no such host
{"level":"info","duration_ms":"5.64","source":"C:/Users/at9306/Workspace/NetworkCatalouge/NetOps2_Fix_Laptop/NetOps2/backend/cmd/headlamp.go","line":1927,"time":"2026-07-30T18:28:12+05:30","message":"Request completed successfully"}
{"level":"info","duration_ms":"309.58","source":"C:/Users/at9306/Workspace/NetworkCatalouge/NetOps2_Fix_Laptop/NetOps2/backend/cmd/headlamp.go","line":1927,"time":"2026-07-30T18:28:12+05:30","message":"Request completed successfully"}
{"level":"info","duration_ms":"348.14","source":"C:/Users/at9306/Workspace/NetworkCatalouge/NetOps2_Fix_Laptop/NetOps2/backend/cmd/headlamp.go","line":1927,"time":"2026-07-30T18:28:12+05:30","message":"Request completed successfully"}
{"level":"info","duration_ms":"439.44","source":"C:/Users/at9306/Workspace/NetworkCatalouge/NetOps2_Fix_Laptop/NetOps2/backend/cmd/headlamp.go","line":1927,"time":"2026-07-30T18:28:19+05:30","message":"Request completed successfully"}
{"level":"info","duration_ms":"778.02","source":"C:/Users/at9306/Workspace/NetworkCatalouge/NetOps2_Fix_Laptop/NetOps2/backend/cmd/headlamp.go","line":1927,"time":"2026-07-30T18:28:31+05:30","message":"Request completed successfully"}
{"level":"info","duration_ms":"600.34","source":"C:/Users/at9306/Workspace/NetworkCatalouge/NetOps2_Fix_Laptop/NetOps2/backend/cmd/headlamp.go","line":1927,"time":"2026-07-30T18:28:33+05:30","message":"Request completed successfully"}
{"level":"info","duration_ms":"424.94","source":"C:/Users/at9306/Workspace/NetworkCatalouge/NetOps2_Fix_Laptop/NetOps2/backend/cmd/headlamp.go","line":1927,"time":"2026-07-30T18:28:39+05:30","message":"Request completed successfully"}
{"level":"info","duration_ms":"294.68","source":"C:/Users/at9306/Workspace/NetworkCatalouge/NetOps2_Fix_Laptop/NetOps2/backend/cmd/headlamp.go","line":1927,"time":"2026-07-30T18:28:59+05:30","message":"Request completed successfully"}
2026/07/30 18:29:12 http: proxy error: dial tcp 127.0.0.1:60279: connectex: No connection could be made because the target machine actively refused it.
{"level":"info","duration_ms":"1.76","source":"C:/Users/at9306/Workspace/NetworkCatalouge/NetOps2_Fix_Laptop/NetOps2/backend/cmd/headlamp.go","line":1927,"time":"2026-07-30T18:29:12+05:30","message":"Request completed successfully"}
2026/07/30 18:29:12 http: proxy error: dial tcp 127.0.0.1:60279: connectex: No connection could be made because the target machine actively refused it.
{"level":"info","duration_ms":"1.15","source":"C:/Users/at9306/Workspace/NetworkCatalouge/NetOps2_Fix_Laptop/NetOps2/backend/cmd/headlamp.go","line":1927,"time":"2026-07-30T18:29:12+05:30","message":"Request completed successfully"}
2026/07/30 18:29:12 http: proxy error: dial tcp: lookup kubernetes.docker.internal: no such host
{"level":"info","duration_ms":"90.73","source":"C:/Users/at9306/Workspace/NetworkCatalouge/NetOps2_Fix_Laptop/NetOps2/backend/cmd/headlamp.go","line":1927,"time":"2026-07-30T18:29:12+05:30","message":"Request completed successfully"}
2026/07/30 18:29:12 http: proxy error: dial tcp: lookup kubernetes.docker.internal: no such host
{"level":"info","duration_ms":"6.24","source":"C:/Users/at9306/Workspace/NetworkCatalouge/NetOps2_Fix_Laptop/NetOps2/backend/cmd/headlamp.go","line":1927,"time":"2026-07-30T18:29:12+05:30","message":"Request completed successfully"}
{"level":"info","duration_ms":"988.19","source":"C:/Users/at9306/Workspace/NetworkCatalouge/NetOps2_Fix_Laptop/NetOps2/backend/cmd/headlamp.go","line":1927,"time":"2026-07-30T18:29:13+05:30","message":"Request completed successfully"}
{"level":"info","duration_ms":"292.53","source":"C:/Users/at9306/Workspace/NetworkCatalouge/NetOps2_Fix_Laptop/NetOps2/backend/cmd/headlamp.go","line":1927,"time":"2026-07-30T18:29:13+05:30","message":"Request completed successfully"}
{"level":"info","duration_ms":"294.99","source":"C:/Users/at9306/Workspace/NetworkCatalouge/NetOps2_Fix_Laptop/NetOps2/backend/cmd/headlamp.go","line":1927,"time":"2026-07-30T18:29:19+05:30","message":"Request completed successfully"}
{"level":"info","duration_ms":"887.42","source":"C:/Users/at9306/Workspace/NetworkCatalouge/NetOps2_Fix_Laptop/NetOps2/backend/cmd/headlamp.go","line":1927,"time":"2026-07-30T18:29:32+05:30","message":"Request completed successfully"}
{"level":"info","duration_ms":"667.96","source":"C:/Users/at9306/Workspace/NetworkCatalouge/NetOps2_Fix_Laptop/NetOps2/backend/cmd/headlamp.go","line":1927,"time":"2026-07-30T18:29:34+05:30","message":"Request completed successfully"}
{"level":"info","duration_ms":"294.22","source":"C:/Users/at9306/Workspace/NetworkCatalouge/NetOps2_Fix_Laptop/NetOps2/backend/cmd/headlamp.go","line":1927,"time":"2026-07-30T18:29:39+05:30","message":"Request completed successfully"}
{"level":"info","duration_ms":"321.19","source":"C:/Users/at9306/Workspace/NetworkCatalouge/NetOps2_Fix_Laptop/NetOps2/backend/cmd/headlamp.go","line":1927,"time":"2026-07-30T18:29:59+05:30","message":"Request completed successfully"}
2026/07/30 18:30:12 http: proxy error: dial tcp 127.0.0.1:60279: connectex: No connection could be made because the target machine actively refused it.
{"level":"info","duration_ms":"7.47","source":"C:/Users/at9306/Workspace/NetworkCatalouge/NetOps2_Fix_Laptop/NetOps2/backend/cmd/headlamp.go","line":1927,"time":"2026-07-30T18:30:12+05:30","message":"Request completed successfully"}
2026/07/30 18:30:12 http: proxy error: dial tcp 127.0.0.1:60279: connectex: No connection could be made because the target machine actively refused it.
{"level":"info","duration_ms":"1.64","source":"C:/Users/at9306/Workspace/NetworkCatalouge/NetOps2_Fix_Laptop/NetOps2/backend/cmd/headlamp.go","line":1927,"time":"2026-07-30T18:30:12+05:30","message":"Request completed successfully"}
{"level":"info","duration_ms":"371.07","source":"C:/Users/at9306/Workspace/NetworkCatalouge/NetOps2_Fix_Laptop/NetOps2/backend/cmd/headlamp.go","line":1927,"time":"2026-07-30T18:30:12+05:30","message":"Request completed successfully"}
2026/07/30 18:30:12 http: proxy error: dial tcp: lookup kubernetes.docker.internal: no such host
{"level":"info","duration_ms":"379.90","source":"C:/Users/at9306/Workspace/NetworkCatalouge/NetOps2_Fix_Laptop/NetOps2/backend/cmd/headlamp.go","line":1927,"time":"2026-07-30T18:30:12+05:30","message":"Request completed successfully"}
2026/07/30 18:30:12 http: proxy error: dial tcp: lookup kubernetes.docker.internal: no such host
{"level":"info","duration_ms":"2.65","source":"C:/Users/at9306/Workspace/NetworkCatalouge/NetOps2_Fix_Laptop/NetOps2/backend/cmd/headlamp.go","line":1927,"time":"2026-07-30T18:30:12+05:30","message":"Request completed successfully"}
{"level":"info","duration_ms":"402.48","source":"C:/Users/at9306/Workspace/NetworkCatalouge/NetOps2_Fix_Laptop/NetOps2/backend/cmd/headlamp.go","line":1927,"time":"2026-07-30T18:30:13+05:30","message":"Request completed successfully"}
{"level":"info","duration_ms":"295.60","source":"C:/Users/at9306/Workspace/NetworkCatalouge/NetOps2_Fix_Laptop/NetOps2/backend/cmd/headlamp.go","line":1927,"time":"2026-07-30T18:30:19+05:30","message":"Request completed successfully"}
{"level":"info","duration_ms":"616.30","source":"C:/Users/at9306/Workspace/NetworkCatalouge/NetOps2_Fix_Laptop/NetOps2/backend/cmd/headlamp.go","line":1927,"time":"2026-07-30T18:30:33+05:30","message":"Request completed successfully"}
{"level":"info","duration_ms":"669.32","source":"C:/Users/at9306/Workspace/NetworkCatalouge/NetOps2_Fix_Laptop/NetOps2/backend/cmd/headlamp.go","line":1927,"time":"2026-07-30T18:30:34+05:30","message":"Request completed successfully"}
{"level":"info","duration_ms":"329.55","source":"C:/Users/at9306/Workspace/NetworkCatalouge/NetOps2_Fix_Laptop/NetOps2/backend/cmd/headlamp.go","line":1927,"time":"2026-07-30T18:30:39+05:30","message":"Request completed successfully"}
{"level":"info","duration_ms":"304.45","source":"C:/Users/at9306/Workspace/NetworkCatalouge/NetOps2_Fix_Laptop/NetOps2/backend/cmd/headlamp.go","line":1927,"time":"2026-07-30T18:30:59+05:30","message":"Request completed successfully"}
2026/07/30 18:31:12 http: proxy error: dial tcp 127.0.0.1:60279: connectex: No connection could be made because the target machine actively refused it.
{"level":"info","duration_ms":"7.88","source":"C:/Users/at9306/Workspace/NetworkCatalouge/NetOps2_Fix_Laptop/NetOps2/backend/cmd/headlamp.go","line":1927,"time":"2026-07-30T18:31:12+05:30","message":"Request completed successfully"}
2026/07/30 18:31:12 http: proxy error: dial tcp 127.0.0.1:60279: connectex: No connection could be made because the target machine actively refused it.
{"level":"info","duration_ms":"1.05","source":"C:/Users/at9306/Workspace/NetworkCatalouge/NetOps2_Fix_Laptop/NetOps2/backend/cmd/headlamp.go","line":1927,"time":"2026-07-30T18:31:12+05:30","message":"Request completed successfully"}
2026/07/30 18:31:12 http: proxy error: dial tcp: lookup kubernetes.docker.internal: no such host
{"level":"info","duration_ms":"60.94","source":"C:/Users/at9306/Workspace/NetworkCatalouge/NetOps2_Fix_Laptop/NetOps2/backend/cmd/headlamp.go","line":1927,"time":"2026-07-30T18:31:12+05:30","message":"Request completed successfully"}
2026/07/30 18:31:12 http: proxy error: dial tcp: lookup kubernetes.docker.internal: no such host
{"level":"info","duration_ms":"16.99","source":"C:/Users/at9306/Workspace/NetworkCatalouge/NetOps2_Fix_Laptop/NetOps2/backend/cmd/headlamp.go","line":1927,"time":"2026-07-30T18:31:12+05:30","message":"Request completed successfully"}
{"level":"info","duration_ms":"765.50","source":"C:/Users/at9306/Workspace/NetworkCatalouge/NetOps2_Fix_Laptop/NetOps2/backend/cmd/headlamp.go","line":1927,"time":"2026-07-30T18:31:13+05:30","message":"Request completed successfully"}
{"level":"info","duration_ms":"295.29","source":"C:/Users/at9306/Workspace/NetworkCatalouge/NetOps2_Fix_Laptop/NetOps2/backend/cmd/headlamp.go","line":1927,"time":"2026-07-30T18:31:13+05:30","message":"Request completed successfully"}
{"level":"info","duration_ms":"358.83","source":"C:/Users/at9306/Workspace/NetworkCatalouge/NetOps2_Fix_Laptop/NetOps2/backend/cmd/headlamp.go","line":1927,"time":"2026-07-30T18:31:19+05:30","message":"Request completed successfully"}
{"level":"info","duration_ms":"997.89","source":"C:/Users/at9306/Workspace/NetworkCatalouge/NetOps2_Fix_Laptop/NetOps2/backend/cmd/headlamp.go","line":1927,"time":"2026-07-30T18:31:34+05:30","message":"Request completed successfully"}
{"level":"info","duration_ms":"668.48","source":"C:/Users/at9306/Workspace/NetworkCatalouge/NetOps2_Fix_Laptop/NetOps2/backend/cmd/headlamp.go","line":1927,"time":"2026-07-30T18:31:35+05:30","message":"Request completed successfully"}
{"level":"info","duration_ms":"316.10","source":"C:/Users/at9306/Workspace/NetworkCatalouge/NetOps2_Fix_Laptop/NetOps2/backend/cmd/headlamp.go","line":1927,"time":"2026-07-30T18:31:39+05:30","message":"Request completed successfully"}
{"level":"info","duration_ms":"302.39","source":"C:/Users/at9306/Workspace/NetworkCatalouge/NetOps2_Fix_Laptop/NetOps2/backend/cmd/headlamp.go","line":1927,"time":"2026-07-30T18:31:59+05:30","message":"Request completed successfully"}
2026/07/30 18:32:12 http: proxy error: dial tcp 127.0.0.1:60279: connectex: No connection could be made because the target machine actively refused it.
{"level":"info","duration_ms":"2.23","source":"C:/Users/at9306/Workspace/NetworkCatalouge/NetOps2_Fix_Laptop/NetOps2/backend/cmd/headlamp.go","line":1927,"time":"2026-07-30T18:32:12+05:30","message":"Request completed successfully"}
2026/07/30 18:32:12 http: proxy error: dial tcp 127.0.0.1:60279: connectex: No connection could be made because the target machine actively refused it.
{"level":"info","duration_ms":"1.25","source":"C:/Users/at9306/Workspace/NetworkCatalouge/NetOps2_Fix_Laptop/NetOps2/backend/cmd/headlamp.go","line":1927,"time":"2026-07-30T18:32:12+05:30","message":"Request completed successfully"}
2026/07/30 18:32:12 http: proxy error: dial tcp: lookup kubernetes.docker.internal: no such host
{"level":"info","duration_ms":"67.16","source":"C:/Users/at9306/Workspace/NetworkCatalouge/NetOps2_Fix_Laptop/NetOps2/backend/cmd/headlamp.go","line":1927,"time":"2026-07-30T18:32:12+05:30","message":"Request completed successfully"}
2026/07/30 18:32:12 http: proxy error: dial tcp: lookup kubernetes.docker.internal: no such host
{"level":"info","duration_ms":"5.55","source":"C:/Users/at9306/Workspace/NetworkCatalouge/NetOps2_Fix_Laptop/NetOps2/backend/cmd/headlamp.go","line":1927,"time":"2026-07-30T18:32:12+05:30","message":"Request completed successfully"}
{"level":"info","duration_ms":"807.22","source":"C:/Users/at9306/Workspace/NetworkCatalouge/NetOps2_Fix_Laptop/NetOps2/backend/cmd/headlamp.go","line":1927,"time":"2026-07-30T18:32:13+05:30","message":"Request completed successfully"}
{"level":"info","duration_ms":"293.37","source":"C:/Users/at9306/Workspace/NetworkCatalouge/NetOps2_Fix_Laptop/NetOps2/backend/cmd/headlamp.go","line":1927,"time":"2026-07-30T18:32:13+05:30","message":"Request completed successfully"}
{"level":"info","duration_ms":"353.15","source":"C:/Users/at9306/Workspace/NetworkCatalouge/NetOps2_Fix_Laptop/NetOps2/backend/cmd/headlamp.go","line":1927,"time":"2026-07-30T18:32:19+05:30","message":"Request completed successfully"}
{"level":"info","duration_ms":"966.93","source":"C:/Users/at9306/Workspace/NetworkCatalouge/NetOps2_Fix_Laptop/NetOps2/backend/cmd/headlamp.go","line":1927,"time":"2026-07-30T18:32:35+05:30","message":"Request completed successfully"}
{"level":"info","duration_ms":"638.19","source":"C:/Users/at9306/Workspace/NetworkCatalouge/NetOps2_Fix_Laptop/NetOps2/backend/cmd/headlamp.go","line":1927,"time":"2026-07-30T18:32:36+05:30","message":"Request completed successfully"}
{"level":"info","duration_ms":"524.75","source":"C:/Users/at9306/Workspace/NetworkCatalouge/NetOps2_Fix_Laptop/NetOps2/backend/cmd/headlamp.go","line":1927,"time":"2026-07-30T18:32:39+05:30","message":"Request completed successfully"}
{"level":"info","duration_ms":"370.15","source":"C:/Users/at9306/Workspace/NetworkCatalouge/NetOps2_Fix_Laptop/NetOps2/backend/cmd/headlamp.go","line":1927,"time":"2026-07-30T18:32:59+05:30","message":"Request completed successfully"}
2026/07/30 18:33:12 http: proxy error: dial tcp 127.0.0.1:60279: connectex: No connection could be made because the target machine actively refused it.
{"level":"info","duration_ms":"1.38","source":"C:/Users/at9306/Workspace/NetworkCatalouge/NetOps2_Fix_Laptop/NetOps2/backend/cmd/headlamp.go","line":1927,"time":"2026-07-30T18:33:12+05:30","message":"Request completed successfully"}
2026/07/30 18:33:12 http: proxy error: dial tcp 127.0.0.1:60279: connectex: No connection could be made because the target machine actively refused it.
{"level":"info","duration_ms":"1.26","source":"C:/Users/at9306/Workspace/NetworkCatalouge/NetOps2_Fix_Laptop/NetOps2/backend/cmd/headlamp.go","line":1927,"time":"2026-07-30T18:33:12+05:30","message":"Request completed successfully"}
2026/07/30 18:33:12 http: proxy error: dial tcp: lookup kubernetes.docker.internal: no such host
{"level":"info","duration_ms":"65.96","source":"C:/Users/at9306/Workspace/NetworkCatalouge/NetOps2_Fix_Laptop/NetOps2/backend/cmd/headlamp.go","line":1927,"time":"2026-07-30T18:33:12+05:30","message":"Request completed successfully"}
2026/07/30 18:33:12 http: proxy error: dial tcp: lookup kubernetes.docker.internal: no such host
{"level":"info","duration_ms":"7.41","source":"C:/Users/at9306/Workspace/NetworkCatalouge/NetOps2_Fix_Laptop/NetOps2/backend/cmd/headlamp.go","line":1927,"time":"2026-07-30T18:33:12+05:30","message":"Request completed successfully"}
{"level":"info","duration_ms":"358.87","source":"C:/Users/at9306/Workspace/NetworkCatalouge/NetOps2_Fix_Laptop/NetOps2/backend/cmd/headlamp.go","line":1927,"time":"2026-07-30T18:33:12+05:30","message":"Request completed successfully"}
{"level":"info","duration_ms":"442.78","source":"C:/Users/at9306/Workspace/NetworkCatalouge/NetOps2_Fix_Laptop/NetOps2/backend/cmd/headlamp.go","line":1927,"time":"2026-07-30T18:33:13+05:30","message":"Request completed successfully"}
{"level":"info","duration_ms":"355.78","source":"C:/Users/at9306/Workspace/NetworkCatalouge/NetOps2_Fix_Laptop/NetOps2/backend/cmd/headlamp.go","line":1927,"time":"2026-07-30T18:33:19+05:30","message":"Request completed successfully"}
{"level":"info","duration_ms":"1294.77","source":"C:/Users/at9306/Workspace/NetworkCatalouge/NetOps2_Fix_Laptop/NetOps2/backend/cmd/headlamp.go","line":1927,"time":"2026-07-30T18:33:36+05:30","message":"Request completed successfully"}
{"level":"info","duration_ms":"415.93","source":"C:/Users/at9306/Workspace/NetworkCatalouge/NetOps2_Fix_Laptop/NetOps2/backend/cmd/headlamp.go","line":1927,"time":"2026-07-30T18:33:37+05:30","message":"Request completed successfully"}
{"level":"info","duration_ms":"334.71","source":"C:/Users/at9306/Workspace/NetworkCatalouge/NetOps2_Fix_Laptop/NetOps2/backend/cmd/headlamp.go","line":1927,"time":"2026-07-30T18:33:39+05:30","message":"Request completed successfully"}
{"level":"info","duration_ms":"332.76","source":"C:/Users/at9306/Workspace/NetworkCatalouge/NetOps2_Fix_Laptop/NetOps2/backend/cmd/headlamp.go","line":1927,"time":"2026-07-30T18:33:59+05:30","message":"Request completed successfully"}
2026/07/30 18:34:12 http: proxy error: dial tcp 127.0.0.1:60279: connectex: No connection could be made because the target machine actively refused it.
{"level":"info","duration_ms":"26.89","source":"C:/Users/at9306/Workspace/NetworkCatalouge/NetOps2_Fix_Laptop/NetOps2/backend/cmd/headlamp.go","line":1927,"time":"2026-07-30T18:34:12+05:30","message":"Request completed successfully"}
2026/07/30 18:34:12 http: proxy error: dial tcp 127.0.0.1:60279: connectex: No connection could be made because the target machine actively refused it.
{"level":"info","duration_ms":"1.06","source":"C:/Users/at9306/Workspace/NetworkCatalouge/NetOps2_Fix_Laptop/NetOps2/backend/cmd/headlamp.go","line":1927,"time":"2026-07-30T18:34:12+05:30","message":"Request completed successfully"}
2026/07/30 18:34:12 http: proxy error: dial tcp: lookup kubernetes.docker.internal: no such host
{"level":"info","duration_ms":"65.87","source":"C:/Users/at9306/Workspace/NetworkCatalouge/NetOps2_Fix_Laptop/NetOps2/backend/cmd/headlamp.go","line":1927,"time":"2026-07-30T18:34:12+05:30","message":"Request completed successfully"}
2026/07/30 18:34:12 http: proxy error: dial tcp: lookup kubernetes.docker.internal: no such host
{"level":"info","duration_ms":"6.35","source":"C:/Users/at9306/Workspace/NetworkCatalouge/NetOps2_Fix_Laptop/NetOps2/backend/cmd/headlamp.go","line":1927,"time":"2026-07-30T18:34:12+05:30","message":"Request completed successfully"}
{"level":"info","duration_ms":"399.69","source":"C:/Users/at9306/Workspace/NetworkCatalouge/NetOps2_Fix_Laptop/NetOps2/backend/cmd/headlamp.go","line":1927,"time":"2026-07-30T18:34:12+05:30","message":"Request completed successfully"}
{"level":"info","duration_ms":"295.90","source":"C:/Users/at9306/Workspace/NetworkCatalouge/NetOps2_Fix_Laptop/NetOps2/backend/cmd/headlamp.go","line":1927,"time":"2026-07-30T18:34:12+05:30","message":"Request completed successfully"}
{"level":"info","duration_ms":"321.90","source":"C:/Users/at9306/Workspace/NetworkCatalouge/NetOps2_Fix_Laptop/NetOps2/backend/cmd/headlamp.go","line":1927,"time":"2026-07-30T18:34:19+05:30","message":"Request completed successfully"}
{"level":"info","duration_ms":"1601.26","source":"C:/Users/at9306/Workspace/NetworkCatalouge/NetOps2_Fix_Laptop/NetOps2/backend/cmd/headlamp.go","line":1927,"time":"2026-07-30T18:34:38+05:30","message":"Request completed successfully"}
{"level":"info","duration_ms":"2455.41","source":"C:/Users/at9306/Workspace/NetworkCatalouge/NetOps2_Fix_Laptop/NetOps2/backend/cmd/headlamp.go","line":1927,"time":"2026-07-30T18:34:39+05:30","message":"Request completed successfully"}
{"level":"info","duration_ms":"390.09","source":"C:/Users/at9306/Workspace/NetworkCatalouge/NetOps2_Fix_Laptop/NetOps2/backend/cmd/headlamp.go","line":1927,"time":"2026-07-30T18:34:39+05:30","message":"Request completed successfully"}
{"level":"info","duration_ms":"330.33","source":"C:/Users/at9306/Workspace/NetworkCatalouge/NetOps2_Fix_Laptop/NetOps2/backend/cmd/headlamp.go","line":1927,"time":"2026-07-30T18:34:59+05:30","message":"Request completed successfully"}
2026/07/30 18:35:12 http: proxy error: dial tcp 127.0.0.1:60279: connectex: No connection could be made because the target machine actively refused it.
{"level":"info","duration_ms":"8.13","source":"C:/Users/at9306/Workspace/NetworkCatalouge/NetOps2_Fix_Laptop/NetOps2/backend/cmd/headlamp.go","line":1927,"time":"2026-07-30T18:35:12+05:30","message":"Request completed successfully"}
2026/07/30 18:35:12 http: proxy error: dial tcp 127.0.0.1:60279: connectex: No connection could be made because the target machine actively refused it.
{"level":"info","duration_ms":"1.62","source":"C:/Users/at9306/Workspace/NetworkCatalouge/NetOps2_Fix_Laptop/NetOps2/backend/cmd/headlamp.go","line":1927,"time":"2026-07-30T18:35:12+05:30","message":"Request completed successfully"}
2026/07/30 18:35:12 http: proxy error: dial tcp: lookup kubernetes.docker.internal: no such host
{"level":"info","duration_ms":"52.07","source":"C:/Users/at9306/Workspace/NetworkCatalouge/NetOps2_Fix_Laptop/NetOps2/backend/cmd/headlamp.go","line":1927,"time":"2026-07-30T18:35:12+05:30","message":"Request completed successfully"}
2026/07/30 18:35:12 http: proxy error: dial tcp: lookup kubernetes.docker.internal: no such host
{"level":"info","duration_ms":"6.37","source":"C:/Users/at9306/Workspace/NetworkCatalouge/NetOps2_Fix_Laptop/NetOps2/backend/cmd/headlamp.go","line":1927,"time":"2026-07-30T18:35:12+05:30","message":"Request completed successfully"}
{"level":"info","duration_ms":"486.28","source":"C:/Users/at9306/Workspace/NetworkCatalouge/NetOps2_Fix_Laptop/NetOps2/backend/cmd/headlamp.go","line":1927,"time":"2026-07-30T18:35:12+05:30","message":"Request completed successfully"}
{"level":"info","duration_ms":"442.87","source":"C:/Users/at9306/Workspace/NetworkCatalouge/NetOps2_Fix_Laptop/NetOps2/backend/cmd/headlamp.go","line":1927,"time":"2026-07-30T18:35:13+05:30","message":"Request completed successfully"}
{"level":"info","duration_ms":"385.12","source":"C:/Users/at9306/Workspace/NetworkCatalouge/NetOps2_Fix_Laptop/NetOps2/backend/cmd/headlamp.go","line":1927,"time":"2026-07-30T18:35:19+05:30","message":"Request completed successfully"}
{"level":"info","duration_ms":"808.67","source":"C:/Users/at9306/Workspace/NetworkCatalouge/NetOps2_Fix_Laptop/NetOps2/backend/cmd/headlamp.go","line":1927,"time":"2026-07-30T18:35:40+05:30","message":"Request completed successfully"}
{"level":"info","duration_ms":"1522.21","source":"C:/Users/at9306/Workspace/NetworkCatalouge/NetOps2_Fix_Laptop/NetOps2/backend/cmd/headlamp.go","line":1927,"time":"2026-07-30T18:35:40+05:30","message":"Request completed successfully"}
{"level":"info","duration_ms":"2140.78","source":"C:/Users/at9306/Workspace/NetworkCatalouge/NetOps2_Fix_Laptop/NetOps2/backend/cmd/headlamp.go","line":1927,"time":"2026-07-30T18:35:42+05:30","message":"Request completed successfully"}
{"level":"info","duration_ms":"447.66","source":"C:/Users/at9306/Workspace/NetworkCatalouge/NetOps2_Fix_Laptop/NetOps2/backend/cmd/headlamp.go","line":1927,"time":"2026-07-30T18:35:59+05:30","message":"Request completed successfully"}
2026/07/30 18:36:12 http: proxy error: dial tcp 127.0.0.1:60279: connectex: No connection could be made because the target machine actively refused it.
{"level":"info","duration_ms":"3.82","source":"C:/Users/at9306/Workspace/NetworkCatalouge/NetOps2_Fix_Laptop/NetOps2/backend/cmd/headlamp.go","line":1927,"time":"2026-07-30T18:36:12+05:30","message":"Request completed successfully"}
2026/07/30 18:36:12 http: proxy error: dial tcp 127.0.0.1:60279: connectex: No connection could be made because the target machine actively refused it.
{"level":"info","duration_ms":"1.08","source":"C:/Users/at9306/Workspace/NetworkCatalouge/NetOps2_Fix_Laptop/NetOps2/backend/cmd/headlamp.go","line":1927,"time":"2026-07-30T18:36:12+05:30","message":"Request completed successfully"}
2026/07/30 18:36:12 http: proxy error: dial tcp: lookup kubernetes.docker.internal: no such host
{"level":"info","duration_ms":"61.46","source":"C:/Users/at9306/Workspace/NetworkCatalouge/NetOps2_Fix_Laptop/NetOps2/backend/cmd/headlamp.go","line":1927,"time":"2026-07-30T18:36:12+05:30","message":"Request completed successfully"}
2026/07/30 18:36:12 http: proxy error: dial tcp: lookup kubernetes.docker.internal: no such host
{"level":"info","duration_ms":"13.81","source":"C:/Users/at9306/Workspace/NetworkCatalouge/NetOps2_Fix_Laptop/NetOps2/backend/cmd/headlamp.go","line":1927,"time":"2026-07-30T18:36:12+05:30","message":"Request completed successfully"}
{"level":"info","duration_ms":"1327.59","source":"C:/Users/at9306/Workspace/NetworkCatalouge/NetOps2_Fix_Laptop/NetOps2/backend/cmd/headlamp.go","line":1927,"time":"2026-07-30T18:36:13+05:30","message":"Request completed successfully"}
{"level":"info","duration_ms":"331.34","source":"C:/Users/at9306/Workspace/NetworkCatalouge/NetOps2_Fix_Laptop/NetOps2/backend/cmd/headlamp.go","line":1927,"time":"2026-07-30T18:36:13+05:30","message":"Request completed successfully"}
{"level":"info","duration_ms":"492.90","source":"C:/Users/at9306/Workspace/NetworkCatalouge/NetOps2_Fix_Laptop/NetOps2/backend/cmd/headlamp.go","line":1927,"time":"2026-07-30T18:36:19+05:30","message":"Request completed successfully"}
{"level":"info","duration_ms":"469.80","source":"C:/Users/at9306/Workspace/NetworkCatalouge/NetOps2_Fix_Laptop/NetOps2/backend/cmd/headlamp.go","line":1927,"time":"2026-07-30T18:36:39+05:30","message":"Request completed successfully"}
{"level":"info","duration_ms":"1556.54","source":"C:/Users/at9306/Workspace/NetworkCatalouge/NetOps2_Fix_Laptop/NetOps2/backend/cmd/headlamp.go","line":1927,"time":"2026-07-30T18:36:41+05:30","message":"Request completed successfully"}
{"level":"info","duration_ms":"848.94","source":"C:/Users/at9306/Workspace/NetworkCatalouge/NetOps2_Fix_Laptop/NetOps2/backend/cmd/headlamp.go","line":1927,"time":"2026-07-30T18:36:43+05:30","message":"Request completed successfully"}
{"level":"info","duration_ms":"830.98","source":"C:/Users/at9306/Workspace/NetworkCatalouge/NetOps2_Fix_Laptop/NetOps2/backend/cmd/headlamp.go","line":1927,"time":"2026-07-30T18:37:00+05:30","message":"Request completed successfully"}
2026/07/30 18:37:12 http: proxy error: dial tcp 127.0.0.1:60279: connectex: No connection could be made because the target machine actively refused it.
{"level":"info","duration_ms":"8.76","source":"C:/Users/at9306/Workspace/NetworkCatalouge/NetOps2_Fix_Laptop/NetOps2/backend/cmd/headlamp.go","line":1927,"time":"2026-07-30T18:37:12+05:30","message":"Request completed successfully"}
2026/07/30 18:37:12 http: proxy error: dial tcp 127.0.0.1:60279: connectex: No connection could be made because the target machine actively refused it.
{"level":"info","duration_ms":"1.19","source":"C:/Users/at9306/Workspace/NetworkCatalouge/NetOps2_Fix_Laptop/NetOps2/backend/cmd/headlamp.go","line":1927,"time":"2026-07-30T18:37:12+05:30","message":"Request completed successfully"}
2026/07/30 18:37:12 http: proxy error: dial tcp: lookup kubernetes.docker.internal: no such host
{"level":"info","duration_ms":"76.07","source":"C:/Users/at9306/Workspace/NetworkCatalouge/NetOps2_Fix_Laptop/NetOps2/backend/cmd/headlamp.go","line":1927,"time":"2026-07-30T18:37:12+05:30","message":"Request completed successfully"}
2026/07/30 18:37:12 http: proxy error: dial tcp: lookup kubernetes.docker.internal: no such host
{"level":"info","duration_ms":"17.17","source":"C:/Users/at9306/Workspace/NetworkCatalouge/NetOps2_Fix_Laptop/NetOps2/backend/cmd/headlamp.go","line":1927,"time":"2026-07-30T18:37:12+05:30","message":"Request completed successfully"}
{"level":"info","duration_ms":"922.05","source":"C:/Users/at9306/Workspace/NetworkCatalouge/NetOps2_Fix_Laptop/NetOps2/backend/cmd/headlamp.go","line":1927,"time":"2026-07-30T18:37:13+05:30","message":"Request completed successfully"}
{"level":"info","duration_ms":"406.43","source":"C:/Users/at9306/Workspace/NetworkCatalouge/NetOps2_Fix_Laptop/NetOps2/backend/cmd/headlamp.go","line":1927,"time":"2026-07-30T18:37:13+05:30","message":"Request completed successfully"}
{"level":"info","duration_ms":"490.46","source":"C:/Users/at9306/Workspace/NetworkCatalouge/NetOps2_Fix_Laptop/NetOps2/backend/cmd/headlamp.go","line":1927,"time":"2026-07-30T18:37:19+05:30","message":"Request completed successfully"}
{"level":"info","duration_ms":"471.44","source":"C:/Users/at9306/Workspace/NetworkCatalouge/NetOps2_Fix_Laptop/NetOps2/backend/cmd/headlamp.go","line":1927,"time":"2026-07-30T18:37:39+05:30","message":"Request completed successfully"}
{"level":"info","duration_ms":"1692.35","source":"C:/Users/at9306/Workspace/NetworkCatalouge/NetOps2_Fix_Laptop/NetOps2/backend/cmd/headlamp.go","line":1927,"time":"2026-07-30T18:37:43+05:30","message":"Request completed successfully"}
{"level":"info","duration_ms":"638.39","source":"C:/Users/at9306/Workspace/NetworkCatalouge/NetOps2_Fix_Laptop/NetOps2/backend/cmd/headlamp.go","line":1927,"time":"2026-07-30T18:37:43+05:30","message":"Request completed successfully"}
{"level":"info","duration_ms":"434.96","source":"C:/Users/at9306/Workspace/NetworkCatalouge/NetOps2_Fix_Laptop/NetOps2/backend/cmd/headlamp.go","line":1927,"time":"2026-07-30T18:37:59+05:30","message":"Request completed successfully"}
2026/07/30 18:38:12 http: proxy error: dial tcp 127.0.0.1:60279: connectex: No connection could be made because the target machine actively refused it.
{"level":"info","duration_ms":"8.29","source":"C:/Users/at9306/Workspace/NetworkCatalouge/NetOps2_Fix_Laptop/NetOps2/backend/cmd/headlamp.go","line":1927,"time":"2026-07-30T18:38:12+05:30","message":"Request completed successfully"}
2026/07/30 18:38:12 http: proxy error: dial tcp 127.0.0.1:60279: connectex: No connection could be made because the target machine actively refused it.
{"level":"info","duration_ms":"0.71","source":"C:/Users/at9306/Workspace/NetworkCatalouge/NetOps2_Fix_Laptop/NetOps2/backend/cmd/headlamp.go","line":1927,"time":"2026-07-30T18:38:12+05:30","message":"Request completed successfully"}
2026/07/30 18:38:12 http: proxy error: dial tcp: lookup kubernetes.docker.internal: no such host
{"level":"info","duration_ms":"92.78","source":"C:/Users/at9306/Workspace/NetworkCatalouge/NetOps2_Fix_Laptop/NetOps2/backend/cmd/headlamp.go","line":1927,"time":"2026-07-30T18:38:12+05:30","message":"Request completed successfully"}
2026/07/30 18:38:12 http: proxy error: dial tcp: lookup kubernetes.docker.internal: no such host
{"level":"info","duration_ms":"12.36","source":"C:/Users/at9306/Workspace/NetworkCatalouge/NetOps2_Fix_Laptop/NetOps2/backend/cmd/headlamp.go","line":1927,"time":"2026-07-30T18:38:12+05:30","message":"Request completed successfully"}
{"level":"info","duration_ms":"1040.39","source":"C:/Users/at9306/Workspace/NetworkCatalouge/NetOps2_Fix_Laptop/NetOps2/backend/cmd/headlamp.go","line":1927,"time":"2026-07-30T18:38:13+05:30","message":"Request completed successfully"}
{"level":"info","duration_ms":"398.73","source":"C:/Users/at9306/Workspace/NetworkCatalouge/NetOps2_Fix_Laptop/NetOps2/backend/cmd/headlamp.go","line":1927,"time":"2026-07-30T18:38:13+05:30","message":"Request completed successfully"}
{"level":"info","duration_ms":"715.04","source":"C:/Users/at9306/Workspace/NetworkCatalouge/NetOps2_Fix_Laptop/NetOps2/backend/cmd/headlamp.go","line":1927,"time":"2026-07-30T18:38:20+05:30","message":"Request completed successfully"}
{"level":"info","duration_ms":"338.02","source":"C:/Users/at9306/Workspace/NetworkCatalouge/NetOps2_Fix_Laptop/NetOps2/backend/cmd/headlamp.go","line":1927,"time":"2026-07-30T18:38:39+05:30","message":"Request completed successfully"}
{"level":"info","duration_ms":"1226.58","source":"C:/Users/at9306/Workspace/NetworkCatalouge/NetOps2_Fix_Laptop/NetOps2/backend/cmd/headlamp.go","line":1927,"time":"2026-07-30T18:38:44+05:30","message":"Request completed successfully"}
{"level":"info","duration_ms":"803.32","source":"C:/Users/at9306/Workspace/NetworkCatalouge/NetOps2_Fix_Laptop/NetOps2/backend/cmd/headlamp.go","line":1927,"time":"2026-07-30T18:38:44+05:30","message":"Request completed successfully"}
{"level":"info","duration_ms":"393.84","source":"C:/Users/at9306/Workspace/NetworkCatalouge/NetOps2_Fix_Laptop/NetOps2/backend/cmd/headlamp.go","line":1927,"time":"2026-07-30T18:38:59+05:30","message":"Request completed successfully"}
2026/07/30 18:39:12 http: proxy error: dial tcp 127.0.0.1:60279: connectex: No connection could be made because the target machine actively refused it.
{"level":"info","duration_ms":"8.16","source":"C:/Users/at9306/Workspace/NetworkCatalouge/NetOps2_Fix_Laptop/NetOps2/backend/cmd/headlamp.go","line":1927,"time":"2026-07-30T18:39:12+05:30","message":"Request completed successfully"}
2026/07/30 18:39:12 http: proxy error: dial tcp 127.0.0.1:60279: connectex: No connection could be made because the target machine actively refused it.
{"level":"info","duration_ms":"1.10","source":"C:/Users/at9306/Workspace/NetworkCatalouge/NetOps2_Fix_Laptop/NetOps2/backend/cmd/headlamp.go","line":1927,"time":"2026-07-30T18:39:12+05:30","message":"Request completed successfully"}
2026/07/30 18:39:12 http: proxy error: dial tcp: lookup kubernetes.docker.internal: no such host
{"level":"info","duration_ms":"75.99","source":"C:/Users/at9306/Workspace/NetworkCatalouge/NetOps2_Fix_Laptop/NetOps2/backend/cmd/headlamp.go","line":1927,"time":"2026-07-30T18:39:12+05:30","message":"Request completed successfully"}
2026/07/30 18:39:12 http: proxy error: dial tcp: lookup kubernetes.docker.internal: no such host
{"level":"info","duration_ms":"14.83","source":"C:/Users/at9306/Workspace/NetworkCatalouge/NetOps2_Fix_Laptop/NetOps2/backend/cmd/headlamp.go","line":1927,"time":"2026-07-30T18:39:12+05:30","message":"Request completed successfully"}
{"level":"info","duration_ms":"432.69","source":"C:/Users/at9306/Workspace/NetworkCatalouge/NetOps2_Fix_Laptop/NetOps2/backend/cmd/headlamp.go","line":1927,"time":"2026-07-30T18:39:12+05:30","message":"Request completed successfully"}
{"level":"info","duration_ms":"403.19","source":"C:/Users/at9306/Workspace/NetworkCatalouge/NetOps2_Fix_Laptop/NetOps2/backend/cmd/headlamp.go","line":1927,"time":"2026-07-30T18:39:13+05:30","message":"Request completed successfully"}
{"level":"info","duration_ms":"504.58","source":"C:/Users/at9306/Workspace/NetworkCatalouge/NetOps2_Fix_Laptop/NetOps2/backend/cmd/headlamp.go","line":1927,"time":"2026-07-30T18:39:19+05:30","message":"Request completed successfully"}
{"level":"info","duration_ms":"473.20","source":"C:/Users/at9306/Workspace/NetworkCatalouge/NetOps2_Fix_Laptop/NetOps2/backend/cmd/headlamp.go","line":1927,"time":"2026-07-30T18:39:39+05:30","message":"Request completed successfully"}
{"level":"info","duration_ms":"3447.38","source":"C:/Users/at9306/Workspace/NetworkCatalouge/NetOps2_Fix_Laptop/NetOps2/backend/cmd/headlamp.go","line":1927,"time":"2026-07-30T18:39:48+05:30","message":"Request completed successfully"}
{"level":"info","duration_ms":"4555.00","source":"C:/Users/at9306/Workspace/NetworkCatalouge/NetOps2_Fix_Laptop/NetOps2/backend/cmd/headlamp.go","line":1927,"time":"2026-07-30T18:39:49+05:30","message":"Request completed successfully"}
{"level":"info","duration_ms":"370.76","source":"C:/Users/at9306/Workspace/NetworkCatalouge/NetOps2_Fix_Laptop/NetOps2/backend/cmd/headlamp.go","line":1927,"time":"2026-07-30T18:39:59+05:30","message":"Request completed successfully"}
2026/07/30 18:40:12 http: proxy error: dial tcp 127.0.0.1:60279: connectex: No connection could be made because the target machine actively refused it.
{"level":"info","duration_ms":"7.03","source":"C:/Users/at9306/Workspace/NetworkCatalouge/NetOps2_Fix_Laptop/NetOps2/backend/cmd/headlamp.go","line":1927,"time":"2026-07-30T18:40:12+05:30","message":"Request completed successfully"}
2026/07/30 18:40:12 http: proxy error: dial tcp 127.0.0.1:60279: connectex: No connection could be made because the target machine actively refused it.
{"level":"info","duration_ms":"1.15","source":"C:/Users/at9306/Workspace/NetworkCatalouge/NetOps2_Fix_Laptop/NetOps2/backend/cmd/headlamp.go","line":1927,"time":"2026-07-30T18:40:12+05:30","message":"Request completed successfully"}
2026/07/30 18:40:12 http: proxy error: dial tcp: lookup kubernetes.docker.internal: no such host
{"level":"info","duration_ms":"423.57","source":"C:/Users/at9306/Workspace/NetworkCatalouge/NetOps2_Fix_Laptop/NetOps2/backend/cmd/headlamp.go","line":1927,"time":"2026-07-30T18:40:12+05:30","message":"Request completed successfully"}
2026/07/30 18:40:12 http: proxy error: dial tcp: lookup kubernetes.docker.internal: no such host
{"level":"info","duration_ms":"17.51","source":"C:/Users/at9306/Workspace/NetworkCatalouge/NetOps2_Fix_Laptop/NetOps2/backend/cmd/headlamp.go","line":1927,"time":"2026-07-30T18:40:12+05:30","message":"Request completed successfully"}
{"level":"info","duration_ms":"743.88","source":"C:/Users/at9306/Workspace/NetworkCatalouge/NetOps2_Fix_Laptop/NetOps2/backend/cmd/headlamp.go","line":1927,"time":"2026-07-30T18:40:13+05:30","message":"Request completed successfully"}
{"level":"info","duration_ms":"387.48","source":"C:/Users/at9306/Workspace/NetworkCatalouge/NetOps2_Fix_Laptop/NetOps2/backend/cmd/headlamp.go","line":1927,"time":"2026-07-30T18:40:13+05:30","message":"Request completed successfully"}
{"level":"info","duration_ms":"343.28","source":"C:/Users/at9306/Workspace/NetworkCatalouge/NetOps2_Fix_Laptop/NetOps2/backend/cmd/headlamp.go","line":1927,"time":"2026-07-30T18:40:19+05:30","message":"Request completed successfully"}
{"level":"info","duration_ms":"366.97","source":"C:/Users/at9306/Workspace/NetworkCatalouge/NetOps2_Fix_Laptop/NetOps2/backend/cmd/headlamp.go","line":1927,"time":"2026-07-30T18:40:39+05:30","message":"Request completed successfully"}
{"level":"info","duration_ms":"1339.47","source":"C:/Users/at9306/Workspace/NetworkCatalouge/NetOps2_Fix_Laptop/NetOps2/backend/cmd/headlamp.go","line":1927,"time":"2026-07-30T18:40:49+05:30","message":"Request completed successfully"}
{"level":"info","duration_ms":"541.05","source":"C:/Users/at9306/Workspace/NetworkCatalouge/NetOps2_Fix_Laptop/NetOps2/backend/cmd/headlamp.go","line":1927,"time":"2026-07-30T18:40:50+05:30","message":"Request completed successfully"}
{"level":"info","duration_ms":"346.28","source":"C:/Users/at9306/Workspace/NetworkCatalouge/NetOps2_Fix_Laptop/NetOps2/backend/cmd/headlamp.go","line":1927,"time":"2026-07-30T18:40:59+05:30","message":"Request completed successfully"}
2026/07/30 18:41:12 http: proxy error: dial tcp 127.0.0.1:60279: connectex: No connection could be made because the target machine actively refused it.
{"level":"info","duration_ms":"8.11","source":"C:/Users/at9306/Workspace/NetworkCatalouge/NetOps2_Fix_Laptop/NetOps2/backend/cmd/headlamp.go","line":1927,"time":"2026-07-30T18:41:12+05:30","message":"Request completed successfully"}
2026/07/30 18:41:12 http: proxy error: dial tcp 127.0.0.1:60279: connectex: No connection could be made because the target machine actively refused it.
{"level":"info","duration_ms":"1.06","source":"C:/Users/at9306/Workspace/NetworkCatalouge/NetOps2_Fix_Laptop/NetOps2/backend/cmd/headlamp.go","line":1927,"time":"2026-07-30T18:41:12+05:30","message":"Request completed successfully"}
2026/07/30 18:41:12 http: proxy error: dial tcp: lookup kubernetes.docker.internal: no such host
{"level":"info","duration_ms":"46.26","source":"C:/Users/at9306/Workspace/NetworkCatalouge/NetOps2_Fix_Laptop/NetOps2/backend/cmd/headlamp.go","line":1927,"time":"2026-07-30T18:41:12+05:30","message":"Request completed successfully"}
2026/07/30 18:41:12 http: proxy error: dial tcp: lookup kubernetes.docker.internal: no such host
{"level":"info","duration_ms":"7.98","source":"C:/Users/at9306/Workspace/NetworkCatalouge/NetOps2_Fix_Laptop/NetOps2/backend/cmd/headlamp.go","line":1927,"time":"2026-07-30T18:41:12+05:30","message":"Request completed successfully"}
{"level":"info","duration_ms":"748.03","source":"C:/Users/at9306/Workspace/NetworkCatalouge/NetOps2_Fix_Laptop/NetOps2/backend/cmd/headlamp.go","line":1927,"time":"2026-07-30T18:41:13+05:30","message":"Request completed successfully"}
{"level":"info","duration_ms":"381.14","source":"C:/Users/at9306/Workspace/NetworkCatalouge/NetOps2_Fix_Laptop/NetOps2/backend/cmd/headlamp.go","line":1927,"time":"2026-07-30T18:41:13+05:30","message":"Request completed successfully"}
{"level":"info","duration_ms":"727.74","source":"C:/Users/at9306/Workspace/NetworkCatalouge/NetOps2_Fix_Laptop/NetOps2/backend/cmd/headlamp.go","line":1927,"time":"2026-07-30T18:41:20+05:30","message":"Request completed successfully"}
{"level":"info","duration_ms":"387.13","source":"C:/Users/at9306/Workspace/NetworkCatalouge/NetOps2_Fix_Laptop/NetOps2/backend/cmd/headlamp.go","line":1927,"time":"2026-07-30T18:41:39+05:30","message":"Request completed successfully"}
{"level":"info","duration_ms":"1369.58","source":"C:/Users/at9306/Workspace/NetworkCatalouge/NetOps2_Fix_Laptop/NetOps2/backend/cmd/headlamp.go","line":1927,"time":"2026-07-30T18:41:51+05:30","message":"Request completed successfully"}
{"level":"info","duration_ms":"1068.88","source":"C:/Users/at9306/Workspace/NetworkCatalouge/NetOps2_Fix_Laptop/NetOps2/backend/cmd/headlamp.go","line":1927,"time":"2026-07-30T18:41:51+05:30","message":"Request completed successfully"}
{"level":"info","duration_ms":"354.77","source":"C:/Users/at9306/Workspace/NetworkCatalouge/NetOps2_Fix_Laptop/NetOps2/backend/cmd/headlamp.go","line":1927,"time":"2026-07-30T18:41:59+05:30","message":"Request completed successfully"}
2026/07/30 18:42:12 http: proxy error: dial tcp 127.0.0.1:60279: connectex: No connection could be made because the target machine actively refused it.
{"level":"info","duration_ms":"7.21","source":"C:/Users/at9306/Workspace/NetworkCatalouge/NetOps2_Fix_Laptop/NetOps2/backend/cmd/headlamp.go","line":1927,"time":"2026-07-30T18:42:12+05:30","message":"Request completed successfully"}
2026/07/30 18:42:12 http: proxy error: dial tcp 127.0.0.1:60279: connectex: No connection could be made because the target machine actively refused it.
{"level":"info","duration_ms":"1.67","source":"C:/Users/at9306/Workspace/NetworkCatalouge/NetOps2_Fix_Laptop/NetOps2/backend/cmd/headlamp.go","line":1927,"time":"2026-07-30T18:42:12+05:30","message":"Request completed successfully"}
2026/07/30 18:42:12 http: proxy error: dial tcp: lookup kubernetes.docker.internal: no such host
{"level":"info","duration_ms":"55.67","source":"C:/Users/at9306/Workspace/NetworkCatalouge/NetOps2_Fix_Laptop/NetOps2/backend/cmd/headlamp.go","line":1927,"time":"2026-07-30T18:42:12+05:30","message":"Request completed successfully"}
2026/07/30 18:42:12 http: proxy error: dial tcp: lookup kubernetes.docker.internal: no such host
{"level":"info","duration_ms":"5.77","source":"C:/Users/at9306/Workspace/NetworkCatalouge/NetOps2_Fix_Laptop/NetOps2/backend/cmd/headlamp.go","line":1927,"time":"2026-07-30T18:42:12+05:30","message":"Request completed successfully"}
{"level":"info","duration_ms":"758.37","source":"C:/Users/at9306/Workspace/NetworkCatalouge/NetOps2_Fix_Laptop/NetOps2/backend/cmd/headlamp.go","line":1927,"time":"2026-07-30T18:42:13+05:30","message":"Request completed successfully"}
{"level":"info","duration_ms":"395.95","source":"C:/Users/at9306/Workspace/NetworkCatalouge/NetOps2_Fix_Laptop/NetOps2/backend/cmd/headlamp.go","line":1927,"time":"2026-07-30T18:42:13+05:30","message":"Request completed successfully"}
{"level":"info","duration_ms":"406.53","source":"C:/Users/at9306/Workspace/NetworkCatalouge/NetOps2_Fix_Laptop/NetOps2/backend/cmd/headlamp.go","line":1927,"time":"2026-07-30T18:42:19+05:30","message":"Request completed successfully"}
{"level":"info","duration_ms":"371.55","source":"C:/Users/at9306/Workspace/NetworkCatalouge/NetOps2_Fix_Laptop/NetOps2/backend/cmd/headlamp.go","line":1927,"time":"2026-07-30T18:42:39+05:30","message":"Request completed successfully"}
{"level":"info","duration_ms":"1827.17","source":"C:/Users/at9306/Workspace/NetworkCatalouge/NetOps2_Fix_Laptop/NetOps2/backend/cmd/headlamp.go","line":1927,"time":"2026-07-30T18:42:53+05:30","message":"Request completed successfully"}
{"level":"info","duration_ms":"1832.08","source":"C:/Users/at9306/Workspace/NetworkCatalouge/NetOps2_Fix_Laptop/NetOps2/backend/cmd/headlamp.go","line":1927,"time":"2026-07-30T18:42:53+05:30","message":"Request completed successfully"}
{"level":"info","duration_ms":"365.42","source":"C:/Users/at9306/Workspace/NetworkCatalouge/NetOps2_Fix_Laptop/NetOps2/backend/cmd/headlamp.go","line":1927,"time":"2026-07-30T18:42:59+05:30","message":"Request completed successfully"}
{"level":"info","duration_ms":"495.40","source":"C:/Users/at9306/Workspace/NetworkCatalouge/NetOps2_Fix_Laptop/NetOps2/backend/cmd/headlamp.go","line":1927,"time":"2026-07-30T18:43:19+05:30","message":"Request completed successfully"}
{"level":"info","duration_ms":"456.77","source":"C:/Users/at9306/Workspace/NetworkCatalouge/NetOps2_Fix_Laptop/NetOps2/backend/cmd/headlamp.go","line":1927,"time":"2026-07-30T18:43:39+05:30","message":"Request completed successfully"}
{"level":"info","duration_ms":"801.91","source":"C:/Users/at9306/Workspace/NetworkCatalouge/NetOps2_Fix_Laptop/NetOps2/backend/cmd/headlamp.go","line":1927,"time":"2026-07-30T18:43:53+05:30","message":"Request completed successfully"}
{"level":"info","duration_ms":"3800.21","source":"C:/Users/at9306/Workspace/NetworkCatalouge/NetOps2_Fix_Laptop/NetOps2/backend/cmd/headlamp.go","line":1927,"time":"2026-07-30T18:43:57+05:30","message":"Request completed successfully"}
{"level":"info","duration_ms":"330.57","source":"C:/Users/at9306/Workspace/NetworkCatalouge/NetOps2_Fix_Laptop/NetOps2/backend/cmd/headlamp.go","line":1927,"time":"2026-07-30T18:43:59+05:30","message":"Request completed successfully"}
{"level":"info","duration_ms":"435.91","source":"C:/Users/at9306/Workspace/NetworkCatalouge/NetOps2_Fix_Laptop/NetOps2/backend/cmd/headlamp.go","line":1927,"time":"2026-07-30T18:44:19+05:30","message":"Request completed successfully"}
{"level":"info","duration_ms":"478.33","source":"C:/Users/at9306/Workspace/NetworkCatalouge/NetOps2_Fix_Laptop/NetOps2/backend/cmd/headlamp.go","line":1927,"time":"2026-07-30T18:44:39+05:30","message":"Request completed successfully"}
{"level":"info","duration_ms":"1386.09","source":"C:/Users/at9306/Workspace/NetworkCatalouge/NetOps2_Fix_Laptop/NetOps2/backend/cmd/headlamp.go","line":1927,"time":"2026-07-30T18:44:55+05:30","message":"Request completed successfully"}
{"level":"info","duration_ms":"856.41","source":"C:/Users/at9306/Workspace/NetworkCatalouge/NetOps2_Fix_Laptop/NetOps2/backend/cmd/headlamp.go","line":1927,"time":"2026-07-30T18:44:57+05:30","message":"Request completed successfully"}
{"level":"info","duration_ms":"379.51","source":"C:/Users/at9306/Workspace/NetworkCatalouge/NetOps2_Fix_Laptop/NetOps2/backend/cmd/headlamp.go","line":1927,"time":"2026-07-30T18:44:59+05:30","message":"Request completed successfully"}
{"level":"info","duration_ms":"349.87","source":"C:/Users/at9306/Workspace/NetworkCatalouge/NetOps2_Fix_Laptop/NetOps2/backend/cmd/headlamp.go","line":1927,"time":"2026-07-30T18:45:19+05:30","message":"Request completed successfully"}
{"level":"info","duration_ms":"477.85","source":"C:/Users/at9306/Workspace/NetworkCatalouge/NetOps2_Fix_Laptop/NetOps2/backend/cmd/headlamp.go","line":1927,"time":"2026-07-30T18:45:39+05:30","message":"Request completed successfully"}
{"level":"info","duration_ms":"1670.37","source":"C:/Users/at9306/Workspace/NetworkCatalouge/NetOps2_Fix_Laptop/NetOps2/backend/cmd/headlamp.go","line":1927,"time":"2026-07-30T18:45:57+05:30","message":"Request completed successfully"}
{"level":"info","duration_ms":"1276.39","source":"C:/Users/at9306/Workspace/NetworkCatalouge/NetOps2_Fix_Laptop/NetOps2/backend/cmd/headlamp.go","line":1927,"time":"2026-07-30T18:45:59+05:30","message":"Request completed successfully"}
{"level":"info","duration_ms":"375.43","source":"C:/Users/at9306/Workspace/NetworkCatalouge/NetOps2_Fix_Laptop/NetOps2/backend/cmd/headlamp.go","line":1927,"time":"2026-07-30T18:45:59+05:30","message":"Request completed successfully"}
{"level":"info","duration_ms":"438.31","source":"C:/Users/at9306/Workspace/NetworkCatalouge/NetOps2_Fix_Laptop/NetOps2/backend/cmd/headlamp.go","line":1927,"time":"2026-07-30T18:46:19+05:30","message":"Request completed successfully"}
{"level":"info","duration_ms":"390.93","source":"C:/Users/at9306/Workspace/NetworkCatalouge/NetOps2_Fix_Laptop/NetOps2/backend/cmd/headlamp.go","line":1927,"time":"2026-07-30T18:46:39+05:30","message":"Request completed successfully"}
{"level":"info","duration_ms":"1696.93","source":"C:/Users/at9306/Workspace/NetworkCatalouge/NetOps2_Fix_Laptop/NetOps2/backend/cmd/headlamp.go","line":1927,"time":"2026-07-30T18:46:58+05:30","message":"Request completed successfully"}
{"level":"info","duration_ms":"368.87","source":"C:/Users/at9306/Workspace/NetworkCatalouge/NetOps2_Fix_Laptop/NetOps2/backend/cmd/headlamp.go","line":1927,"time":"2026-07-30T18:46:59+05:30","message":"Request completed successfully"}
{"level":"info","duration_ms":"771.90","source":"C:/Users/at9306/Workspace/NetworkCatalouge/NetOps2_Fix_Laptop/NetOps2/backend/cmd/headlamp.go","line":1927,"time":"2026-07-30T18:47:00+05:30","message":"Request completed successfully"}
{"level":"info","duration_ms":"344.35","source":"C:/Users/at9306/Workspace/NetworkCatalouge/NetOps2_Fix_Laptop/NetOps2/backend/cmd/headlamp.go","line":1927,"time":"2026-07-30T18:47:19+05:30","message":"Request completed successfully"}
{"level":"info","duration_ms":"490.40","source":"C:/Users/at9306/Workspace/NetworkCatalouge/NetOps2_Fix_Laptop/NetOps2/backend/cmd/headlamp.go","line":1927,"time":"2026-07-30T18:47:39+05:30","message":"Request completed successfully"}
{"level":"info","duration_ms":"1153.04","source":"C:/Users/at9306/Workspace/NetworkCatalouge/NetOps2_Fix_Laptop/NetOps2/backend/cmd/headlamp.go","line":1927,"time":"2026-07-30T18:48:00+05:30","message":"Request completed successfully"}
{"level":"info","duration_ms":"1503.89","source":"C:/Users/at9306/Workspace/NetworkCatalouge/NetOps2_Fix_Laptop/NetOps2/backend/cmd/headlamp.go","line":1927,"time":"2026-07-30T18:48:00+05:30","message":"Request completed successfully"}
{"level":"info","duration_ms":"3934.67","source":"C:/Users/at9306/Workspace/NetworkCatalouge/NetOps2_Fix_Laptop/NetOps2/backend/cmd/headlamp.go","line":1927,"time":"2026-07-30T18:48:04+05:30","message":"Request completed successfully"}
{"level":"info","duration_ms":"450.77","source":"C:/Users/at9306/Workspace/NetworkCatalouge/NetOps2_Fix_Laptop/NetOps2/backend/cmd/headlamp.go","line":1927,"time":"2026-07-30T18:48:19+05:30","message":"Request completed successfully"}
{"level":"info","duration_ms":"513.20","source":"C:/Users/at9306/Workspace/NetworkCatalouge/NetOps2_Fix_Laptop/NetOps2/backend/cmd/headlamp.go","line":1927,"time":"2026-07-30T18:48:39+05:30","message":"Request completed successfully"}
{"level":"info","duration_ms":"485.73","source":"C:/Users/at9306/Workspace/NetworkCatalouge/NetOps2_Fix_Laptop/NetOps2/backend/cmd/headlamp.go","line":1927,"time":"2026-07-30T18:48:59+05:30","message":"Request completed successfully"}
{"level":"info","duration_ms":"816.91","source":"C:/Users/at9306/Workspace/NetworkCatalouge/NetOps2_Fix_Laptop/NetOps2/backend/cmd/headlamp.go","line":1927,"time":"2026-07-30T18:49:01+05:30","message":"Request completed successfully"}
{"level":"info","duration_ms":"1674.77","source":"C:/Users/at9306/Workspace/NetworkCatalouge/NetOps2_Fix_Laptop/NetOps2/backend/cmd/headlamp.go","line":1927,"time":"2026-07-30T18:49:05+05:30","message":"Request completed successfully"}
{"level":"info","duration_ms":"476.12","source":"C:/Users/at9306/Workspace/NetworkCatalouge/NetOps2_Fix_Laptop/NetOps2/backend/cmd/headlamp.go","line":1927,"time":"2026-07-30T18:49:19+05:30","message":"Request completed successfully"}
{"level":"info","duration_ms":"507.57","source":"C:/Users/at9306/Workspace/NetworkCatalouge/NetOps2_Fix_Laptop/NetOps2/backend/cmd/headlamp.go","line":1927,"time":"2026-07-30T18:49:39+05:30","message":"Request completed successfully"}
{"level":"info","duration_ms":"366.69","source":"C:/Users/at9306/Workspace/NetworkCatalouge/NetOps2_Fix_Laptop/NetOps2/backend/cmd/headlamp.go","line":1927,"time":"2026-07-30T18:49:59+05:30","message":"Request completed successfully"}
{"level":"info","duration_ms":"1194.85","source":"C:/Users/at9306/Workspace/NetworkCatalouge/NetOps2_Fix_Laptop/NetOps2/backend/cmd/headlamp.go","line":1927,"time":"2026-07-30T18:50:02+05:30","message":"Request completed successfully"}
{"level":"info","duration_ms":"1567.79","source":"C:/Users/at9306/Workspace/NetworkCatalouge/NetOps2_Fix_Laptop/NetOps2/backend/cmd/headlamp.go","line":1927,"time":"2026-07-30T18:50:07+05:30","message":"Request completed successfully"}
{"level":"info","duration_ms":"360.48","source":"C:/Users/at9306/Workspace/NetworkCatalouge/NetOps2_Fix_Laptop/NetOps2/backend/cmd/headlamp.go","line":1927,"time":"2026-07-30T18:50:19+05:30","message":"Request completed successfully"}
{"level":"info","duration_ms":"397.11","source":"C:/Users/at9306/Workspace/NetworkCatalouge/NetOps2_Fix_Laptop/NetOps2/backend/cmd/headlamp.go","line":1927,"time":"2026-07-30T18:50:39+05:30","message":"Request completed successfully"}
{"level":"info","duration_ms":"370.16","source":"C:/Users/at9306/Workspace/NetworkCatalouge/NetOps2_Fix_Laptop/NetOps2/backend/cmd/headlamp.go","line":1927,"time":"2026-07-30T18:50:59+05:30","message":"Request completed successfully"}
{"level":"info","duration_ms":"770.87","source":"C:/Users/at9306/Workspace/NetworkCatalouge/NetOps2_Fix_Laptop/NetOps2/backend/cmd/headlamp.go","line":1927,"time":"2026-07-30T18:51:03+05:30","message":"Request completed successfully"}
{"level":"info","duration_ms":"1176.03","source":"C:/Users/at9306/Workspace/NetworkCatalouge/NetOps2_Fix_Laptop/NetOps2/backend/cmd/headlamp.go","line":1927,"time":"2026-07-30T18:51:08+05:30","message":"Request completed successfully"}
{"level":"info","duration_ms":"782.19","source":"C:/Users/at9306/Workspace/NetworkCatalouge/NetOps2_Fix_Laptop/NetOps2/backend/cmd/headlamp.go","line":1927,"time":"2026-07-30T18:51:20+05:30","message":"Request completed successfully"}
{"level":"info","duration_ms":"445.59","source":"C:/Users/at9306/Workspace/NetworkCatalouge/NetOps2_Fix_Laptop/NetOps2/backend/cmd/headlamp.go","line":1927,"time":"2026-07-30T18:51:39+05:30","message":"Request completed successfully"}
{"level":"info","duration_ms":"374.84","source":"C:/Users/at9306/Workspace/NetworkCatalouge/NetOps2_Fix_Laptop/NetOps2/backend/cmd/headlamp.go","line":1927,"time":"2026-07-30T18:51:59+05:30","message":"Request completed successfully"}
{"level":"info","duration_ms":"1552.26","source":"C:/Users/at9306/Workspace/NetworkCatalouge/NetOps2_Fix_Laptop/NetOps2/backend/cmd/headlamp.go","line":1927,"time":"2026-07-30T18:52:05+05:30","message":"Request completed successfully"}
{"level":"info","duration_ms":"1257.04","source":"C:/Users/at9306/Workspace/NetworkCatalouge/NetOps2_Fix_Laptop/NetOps2/backend/cmd/headlamp.go","line":1927,"time":"2026-07-30T18:52:10+05:30","message":"Request completed successfully"}
{"level":"info","duration_ms":"363.13","source":"C:/Users/at9306/Workspace/NetworkCatalouge/NetOps2_Fix_Laptop/NetOps2/backend/cmd/headlamp.go","line":1927,"time":"2026-07-30T18:52:19+05:30","message":"Request completed successfully"}
{"level":"info","duration_ms":"418.81","source":"C:/Users/at9306/Workspace/NetworkCatalouge/NetOps2_Fix_Laptop/NetOps2/backend/cmd/headlamp.go","line":1927,"time":"2026-07-30T18:52:39+05:30","message":"Request completed successfully"}
{"level":"info","duration_ms":"380.43","source":"C:/Users/at9306/Workspace/NetworkCatalouge/NetOps2_Fix_Laptop/NetOps2/backend/cmd/headlamp.go","line":1927,"time":"2026-07-30T18:52:59+05:30","message":"Request completed successfully"}
{"level":"info","duration_ms":"1689.70","source":"C:/Users/at9306/Workspace/NetworkCatalouge/NetOps2_Fix_Laptop/NetOps2/backend/cmd/headlamp.go","line":1927,"time":"2026-07-30T18:53:06+05:30","message":"Request completed successfully"}
{"level":"info","duration_ms":"1524.87","source":"C:/Users/at9306/Workspace/NetworkCatalouge/NetOps2_Fix_Laptop/NetOps2/backend/cmd/headlamp.go","line":1927,"time":"2026-07-30T18:53:11+05:30","message":"Request completed successfully"}
{"level":"info","duration_ms":"303.52","source":"C:/Users/at9306/Workspace/NetworkCatalouge/NetOps2_Fix_Laptop/NetOps2/backend/cmd/headlamp.go","line":1927,"time":"2026-07-30T18:53:19+05:30","message":"Request completed successfully"}
{"level":"info","duration_ms":"335.28","source":"C:/Users/at9306/Workspace/NetworkCatalouge/NetOps2_Fix_Laptop/NetOps2/backend/cmd/headlamp.go","line":1927,"time":"2026-07-30T18:53:39+05:30","message":"Request completed successfully"}
{"level":"info","duration_ms":"419.74","source":"C:/Users/at9306/Workspace/NetworkCatalouge/NetOps2_Fix_Laptop/NetOps2/backend/cmd/headlamp.go","line":1927,"time":"2026-07-30T18:54:00+05:30","message":"Request completed successfully"}
{"level":"info","duration_ms":"691.22","source":"C:/Users/at9306/Workspace/NetworkCatalouge/NetOps2_Fix_Laptop/NetOps2/backend/cmd/headlamp.go","line":1927,"time":"2026-07-30T18:54:20+05:30","message":"Request completed successfully"}
{"level":"info","duration_ms":"414.01","source":"C:/Users/at9306/Workspace/NetworkCatalouge/NetOps2_Fix_Laptop/NetOps2/backend/cmd/headlamp.go","line":1927,"time":"2026-07-30T18:54:40+05:30","message":"Request completed successfully"}
{"level":"info","duration_ms":"442.16","source":"C:/Users/at9306/Workspace/NetworkCatalouge/NetOps2_Fix_Laptop/NetOps2/backend/cmd/headlamp.go","line":1927,"time":"2026-07-30T18:55:00+05:30","message":"Request completed successfully"}
{"level":"info","duration_ms":"379.95","source":"C:/Users/at9306/Workspace/NetworkCatalouge/NetOps2_Fix_Laptop/NetOps2/backend/cmd/headlamp.go","line":1927,"time":"2026-07-30T18:55:20+05:30","message":"Request completed successfully"}
{"level":"info","duration_ms":"662.28","source":"C:/Users/at9306/Workspace/NetworkCatalouge/NetOps2_Fix_Laptop/NetOps2/backend/cmd/headlamp.go","line":1927,"time":"2026-07-30T18:55:40+05:30","message":"Request completed successfully"}
{"level":"info","duration_ms":"334.11","source":"C:/Users/at9306/Workspace/NetworkCatalouge/NetOps2_Fix_Laptop/NetOps2/backend/cmd/headlamp.go","line":1927,"time":"2026-07-30T18:56:00+05:30","message":"Request completed successfully"}
{"level":"info","duration_ms":"398.21","source":"C:/Users/at9306/Workspace/NetworkCatalouge/NetOps2_Fix_Laptop/NetOps2/backend/cmd/headlamp.go","line":1927,"time":"2026-07-30T18:56:20+05:30","message":"Request completed successfully"}
{"level":"info","duration_ms":"303.33","source":"C:/Users/at9306/Workspace/NetworkCatalouge/NetOps2_Fix_Laptop/NetOps2/backend/cmd/headlamp.go","line":1927,"time":"2026-07-30T18:56:40+05:30","message":"Request completed successfully"}
{"level":"info","duration_ms":"426.39","source":"C:/Users/at9306/Workspace/NetworkCatalouge/NetOps2_Fix_Laptop/NetOps2/backend/cmd/headlamp.go","line":1927,"time":"2026-07-30T18:57:00+05:30","message":"Request completed successfully"}
{"level":"info","duration_ms":"296.51","source":"C:/Users/at9306/Workspace/NetworkCatalouge/NetOps2_Fix_Laptop/NetOps2/backend/cmd/headlamp.go","line":1927,"time":"2026-07-30T18:57:20+05:30","message":"Request completed successfully"}
{"level":"info","duration_ms":"379.09","source":"C:/Users/at9306/Workspace/NetworkCatalouge/NetOps2_Fix_Laptop/NetOps2/backend/cmd/headlamp.go","line":1927,"time":"2026-07-30T18:57:40+05:30","message":"Request completed successfully"}
{"level":"info","duration_ms":"306.31","source":"C:/Users/at9306/Workspace/NetworkCatalouge/NetOps2_Fix_Laptop/NetOps2/backend/cmd/headlamp.go","line":1927,"time":"2026-07-30T18:58:00+05:30","message":"Request completed successfully"}
{"level":"info","duration_ms":"393.70","source":"C:/Users/at9306/Workspace/NetworkCatalouge/NetOps2_Fix_Laptop/NetOps2/backend/cmd/headlamp.go","line":1927,"time":"2026-07-30T18:58:20+05:30","message":"Request completed successfully"}
{"level":"info","duration_ms":"366.55","source":"C:/Users/at9306/Workspace/NetworkCatalouge/NetOps2_Fix_Laptop/NetOps2/backend/cmd/headlamp.go","line":1927,"time":"2026-07-30T18:58:40+05:30","message":"Request completed successfully"}
{"level":"info","duration_ms":"650.67","source":"C:/Users/at9306/Workspace/NetworkCatalouge/NetOps2_Fix_Laptop/NetOps2/backend/cmd/headlamp.go","line":1927,"time":"2026-07-30T18:59:00+05:30","message":"Request completed successfully"}
{"level":"info","duration_ms":"411.61","source":"C:/Users/at9306/Workspace/NetworkCatalouge/NetOps2_Fix_Laptop/NetOps2/backend/cmd/headlamp.go","line":1927,"time":"2026-07-30T18:59:20+05:30","message":"Request completed successfully"}
{"level":"info","duration_ms":"294.85","source":"C:/Users/at9306/Workspace/NetworkCatalouge/NetOps2_Fix_Laptop/NetOps2/backend/cmd/headlamp.go","line":1927,"time":"2026-07-30T18:59:40+05:30","message":"Request completed successfully"}
{"level":"info","duration_ms":"1577.92","source":"C:/Users/at9306/Workspace/NetworkCatalouge/NetOps2_Fix_Laptop/NetOps2/backend/cmd/headlamp.go","line":1927,"time":"2026-07-30T19:00:01+05:30","message":"Request completed successfully"}
{"level":"info","duration_ms":"315.88","source":"C:/Users/at9306/Workspace/NetworkCatalouge/NetOps2_Fix_Laptop/NetOps2/backend/cmd/headlamp.go","line":1927,"time":"2026-07-30T19:00:20+05:30","message":"Request completed successfully"}
{"level":"info","duration_ms":"386.31","source":"C:/Users/at9306/Workspace/NetworkCatalouge/NetOps2_Fix_Laptop/NetOps2/backend/cmd/headlamp.go","line":1927,"time":"2026-07-30T19:00:40+05:30","message":"Request completed successfully"}
{"level":"info","duration_ms":"311.83","source":"C:/Users/at9306/Workspace/NetworkCatalouge/NetOps2_Fix_Laptop/NetOps2/backend/cmd/headlamp.go","line":1927,"time":"2026-07-30T19:01:00+05:30","message":"Request completed successfully"}
{"level":"info","duration_ms":"338.87","source":"C:/Users/at9306/Workspace/NetworkCatalouge/NetOps2_Fix_Laptop/NetOps2/backend/cmd/headlamp.go","line":1927,"time":"2026-07-30T19:01:20+05:30","message":"Request completed successfully"}
{"level":"info","duration_ms":"322.16","source":"C:/Users/at9306/Workspace/NetworkCatalouge/NetOps2_Fix_Laptop/NetOps2/backend/cmd/headlamp.go","line":1927,"time":"2026-07-30T19:01:40+05:30","message":"Request completed successfully"}
{"level":"info","duration_ms":"385.29","source":"C:/Users/at9306/Workspace/NetworkCatalouge/NetOps2_Fix_Laptop/NetOps2/backend/cmd/headlamp.go","line":1927,"time":"2026-07-30T19:02:00+05:30","message":"Request completed successfully"}
{"level":"info","duration_ms":"419.43","source":"C:/Users/at9306/Workspace/NetworkCatalouge/NetOps2_Fix_Laptop/NetOps2/backend/cmd/headlamp.go","line":1927,"time":"2026-07-30T19:02:20+05:30","message":"Request completed successfully"}
{"level":"info","duration_ms":"303.95","source":"C:/Users/at9306/Workspace/NetworkCatalouge/NetOps2_Fix_Laptop/NetOps2/backend/cmd/headlamp.go","line":1927,"time":"2026-07-30T19:02:40+05:30","message":"Request completed successfully"}
{"level":"info","duration_ms":"695.88","source":"C:/Users/at9306/Workspace/NetworkCatalouge/NetOps2_Fix_Laptop/NetOps2/backend/cmd/headlamp.go","line":1927,"time":"2026-07-30T19:03:00+05:30","message":"Request completed successfully"}
{"level":"info","duration_ms":"361.31","source":"C:/Users/at9306/Workspace/NetworkCatalouge/NetOps2_Fix_Laptop/NetOps2/backend/cmd/headlamp.go","line":1927,"time":"2026-07-30T19:03:20+05:30","message":"Request completed successfully"}
{"level":"info","duration_ms":"293.34","source":"C:/Users/at9306/Workspace/NetworkCatalouge/NetOps2_Fix_Laptop/NetOps2/backend/cmd/headlamp.go","line":1927,"time":"2026-07-30T19:03:40+05:30","message":"Request completed successfully"}
{"level":"info","duration_ms":"485.40","source":"C:/Users/at9306/Workspace/NetworkCatalouge/NetOps2_Fix_Laptop/NetOps2/backend/cmd/headlamp.go","line":1927,"time":"2026-07-30T19:04:00+05:30","message":"Request completed successfully"}
{"level":"info","duration_ms":"357.97","source":"C:/Users/at9306/Workspace/NetworkCatalouge/NetOps2_Fix_Laptop/NetOps2/backend/cmd/headlamp.go","line":1927,"time":"2026-07-30T19:04:20+05:30","message":"Request completed successfully"}
{"level":"info","duration_ms":"418.04","source":"C:/Users/at9306/Workspace/NetworkCatalouge/NetOps2_Fix_Laptop/NetOps2/backend/cmd/headlamp.go","line":1927,"time":"2026-07-30T19:04:40+05:30","message":"Request completed successfully"}
{"level":"info","duration_ms":"406.65","source":"C:/Users/at9306/Workspace/NetworkCatalouge/NetOps2_Fix_Laptop/NetOps2/backend/cmd/headlamp.go","line":1927,"time":"2026-07-30T19:05:00+05:30","message":"Request completed successfully"}
{"level":"info","duration_ms":"304.03","source":"C:/Users/at9306/Workspace/NetworkCatalouge/NetOps2_Fix_Laptop/NetOps2/backend/cmd/headlamp.go","line":1927,"time":"2026-07-30T19:05:20+05:30","message":"Request completed successfully"}
{"level":"info","duration_ms":"352.22","source":"C:/Users/at9306/Workspace/NetworkCatalouge/NetOps2_Fix_Laptop/NetOps2/backend/cmd/headlamp.go","line":1927,"time":"2026-07-30T19:05:40+05:30","message":"Request completed successfully"}
{"level":"info","duration_ms":"295.53","source":"C:/Users/at9306/Workspace/NetworkCatalouge/NetOps2_Fix_Laptop/NetOps2/backend/cmd/headlamp.go","line":1927,"time":"2026-07-30T19:06:00+05:30","message":"Request completed successfully"}
{"level":"info","duration_ms":"359.38","source":"C:/Users/at9306/Workspace/NetworkCatalouge/NetOps2_Fix_Laptop/NetOps2/backend/cmd/headlamp.go","line":1927,"time":"2026-07-30T19:06:20+05:30","message":"Request completed successfully"}
{"level":"info","duration_ms":"329.37","source":"C:/Users/at9306/Workspace/NetworkCatalouge/NetOps2_Fix_Laptop/NetOps2/backend/cmd/headlamp.go","line":1927,"time":"2026-07-30T19:06:40+05:30","message":"Request completed successfully"}
{"level":"info","duration_ms":"410.38","source":"C:/Users/at9306/Workspace/NetworkCatalouge/NetOps2_Fix_Laptop/NetOps2/backend/cmd/headlamp.go","line":1927,"time":"2026-07-30T19:07:00+05:30","message":"Request completed successfully"}
{"level":"info","duration_ms":"392.08","source":"C:/Users/at9306/Workspace/NetworkCatalouge/NetOps2_Fix_Laptop/NetOps2/backend/cmd/headlamp.go","line":1927,"time":"2026-07-30T19:07:20+05:30","message":"Request completed successfully"}
{"level":"info","duration_ms":"454.11","source":"C:/Users/at9306/Workspace/NetworkCatalouge/NetOps2_Fix_Laptop/NetOps2/backend/cmd/headlamp.go","line":1927,"time":"2026-07-30T19:07:40+05:30","message":"Request completed successfully"}
{"level":"info","duration_ms":"425.77","source":"C:/Users/at9306/Workspace/NetworkCatalouge/NetOps2_Fix_Laptop/NetOps2/backend/cmd/headlamp.go","line":1927,"time":"2026-07-30T19:08:00+05:30","message":"Request completed successfully"}
{"level":"info","duration_ms":"377.46","source":"C:/Users/at9306/Workspace/NetworkCatalouge/NetOps2_Fix_Laptop/NetOps2/backend/cmd/headlamp.go","line":1927,"time":"2026-07-30T19:08:20+05:30","message":"Request completed successfully"}
{"level":"info","duration_ms":"344.83","source":"C:/Users/at9306/Workspace/NetworkCatalouge/NetOps2_Fix_Laptop/NetOps2/backend/cmd/headlamp.go","line":1927,"time":"2026-07-30T19:08:40+05:30","message":"Request completed successfully"}
{"level":"info","duration_ms":"337.11","source":"C:/Users/at9306/Workspace/NetworkCatalouge/NetOps2_Fix_Laptop/NetOps2/backend/cmd/headlamp.go","line":1927,"time":"2026-07-30T19:09:00+05:30","message":"Request completed successfully"}
{"level":"info","duration_ms":"391.55","source":"C:/Users/at9306/Workspace/NetworkCatalouge/NetOps2_Fix_Laptop/NetOps2/backend/cmd/headlamp.go","line":1927,"time":"2026-07-30T19:09:20+05:30","message":"Request completed successfully"}
{"level":"info","duration_ms":"663.80","source":"C:/Users/at9306/Workspace/NetworkCatalouge/NetOps2_Fix_Laptop/NetOps2/backend/cmd/headlamp.go","line":1927,"time":"2026-07-30T19:09:40+05:30","message":"Request completed successfully"}
{"level":"info","duration_ms":"416.96","source":"C:/Users/at9306/Workspace/NetworkCatalouge/NetOps2_Fix_Laptop/NetOps2/backend/cmd/headlamp.go","line":1927,"time":"2026-07-30T19:10:00+05:30","message":"Request completed successfully"}
{"level":"info","duration_ms":"320.39","source":"C:/Users/at9306/Workspace/NetworkCatalouge/NetOps2_Fix_Laptop/NetOps2/backend/cmd/headlamp.go","line":1927,"time":"2026-07-30T19:10:20+05:30","message":"Request completed successfully"}
{"level":"info","duration_ms":"377.64","source":"C:/Users/at9306/Workspace/NetworkCatalouge/NetOps2_Fix_Laptop/NetOps2/backend/cmd/headlamp.go","line":1927,"time":"2026-07-30T19:10:40+05:30","message":"Request completed successfully"}
{"level":"info","duration_ms":"299.20","source":"C:/Users/at9306/Workspace/NetworkCatalouge/NetOps2_Fix_Laptop/NetOps2/backend/cmd/headlamp.go","line":1927,"time":"2026-07-30T19:11:00+05:30","message":"Request completed successfully"}
{"level":"info","duration_ms":"311.59","source":"C:/Users/at9306/Workspace/NetworkCatalouge/NetOps2_Fix_Laptop/NetOps2/backend/cmd/headlamp.go","line":1927,"time":"2026-07-30T19:11:20+05:30","message":"Request completed successfully"}
{"level":"info","duration_ms":"364.77","source":"C:/Users/at9306/Workspace/NetworkCatalouge/NetOps2_Fix_Laptop/NetOps2/backend/cmd/headlamp.go","line":1927,"time":"2026-07-30T19:11:40+05:30","message":"Request completed successfully"}
{"level":"info","duration_ms":"417.02","source":"C:/Users/at9306/Workspace/NetworkCatalouge/NetOps2_Fix_Laptop/NetOps2/backend/cmd/headlamp.go","line":1927,"time":"2026-07-30T19:12:00+05:30","message":"Request completed successfully"}
{"level":"info","duration_ms":"407.73","source":"C:/Users/at9306/Workspace/NetworkCatalouge/NetOps2_Fix_Laptop/NetOps2/backend/cmd/headlamp.go","line":1927,"time":"2026-07-30T19:12:20+05:30","message":"Request completed successfully"}
{"level":"info","duration_ms":"356.03","source":"C:/Users/at9306/Workspace/NetworkCatalouge/NetOps2_Fix_Laptop/NetOps2/backend/cmd/headlamp.go","line":1927,"time":"2026-07-30T19:12:40+05:30","message":"Request completed successfully"}
{"level":"info","duration_ms":"329.10","source":"C:/Users/at9306/Workspace/NetworkCatalouge/NetOps2_Fix_Laptop/NetOps2/backend/cmd/headlamp.go","line":1927,"time":"2026-07-30T19:13:00+05:30","message":"Request completed successfully"}
{"level":"info","duration_ms":"295.49","source":"C:/Users/at9306/Workspace/NetworkCatalouge/NetOps2_Fix_Laptop/NetOps2/backend/cmd/headlamp.go","line":1927,"time":"2026-07-30T19:13:20+05:30","message":"Request completed successfully"}
2026/07/30 19:13:25 http: proxy error: dial tcp 127.0.0.1:60279: connectex: No connection could be made because the target machine actively refused it.
{"level":"info","duration_ms":"8.94","source":"C:/Users/at9306/Workspace/NetworkCatalouge/NetOps2_Fix_Laptop/NetOps2/backend/cmd/headlamp.go","line":1927,"time":"2026-07-30T19:13:25+05:30","message":"Request completed successfully"}
{"level":"info","duration_ms":"318.60","source":"C:/Users/at9306/Workspace/NetworkCatalouge/NetOps2_Fix_Laptop/NetOps2/backend/cmd/headlamp.go","line":1927,"time":"2026-07-30T19:13:25+05:30","message":"Request completed successfully"}
2026/07/30 19:13:25 http: proxy error: dial tcp: lookup kubernetes.docker.internal: no such host
{"level":"info","duration_ms":"28.88","source":"C:/Users/at9306/Workspace/NetworkCatalouge/NetOps2_Fix_Laptop/NetOps2/backend/cmd/headlamp.go","line":1927,"time":"2026-07-30T19:13:25+05:30","message":"Request completed successfully"}
{"level":"info","duration_ms":"294.74","source":"C:/Users/at9306/Workspace/NetworkCatalouge/NetOps2_Fix_Laptop/NetOps2/backend/cmd/headlamp.go","line":1927,"time":"2026-07-30T19:13:25+05:30","message":"Request completed successfully"}
{"level":"info","duration_ms":"3251286.17","source":"C:/Users/at9306/Workspace/NetworkCatalouge/NetOps2_Fix_Laptop/NetOps2/backend/cmd/headlamp.go","line":1927,"time":"2026-07-30T19:13:32+05:30","message":"Request completed successfully"}
{"level":"info","source":"C:/Users/at9306/Workspace/NetworkCatalouge/NetOps2_Fix_Laptop/NetOps2/backend/cmd/headlamp.go","line":493,"time":"2026-07-30T19:13:38+05:30","message":"Received GET request for plugin list"}
{"level":"info","duration_ms":"313.67","source":"C:/Users/at9306/Workspace/NetworkCatalouge/NetOps2_Fix_Laptop/NetOps2/backend/cmd/headlamp.go","line":1927,"time":"2026-07-30T19:13:39+05:30","message":"Request completed successfully"}
2026/07/30 19:13:39 http: proxy error: dial tcp 127.0.0.1:60279: connectex: No connection could be made because the target machine actively refused it.
{"level":"info","duration_ms":"7.75","source":"C:/Users/at9306/Workspace/NetworkCatalouge/NetOps2_Fix_Laptop/NetOps2/backend/cmd/headlamp.go","line":1927,"time":"2026-07-30T19:13:39+05:30","message":"Request completed successfully"}
{"level":"info","duration_ms":"609.88","source":"C:/Users/at9306/Workspace/NetworkCatalouge/NetOps2_Fix_Laptop/NetOps2/backend/cmd/headlamp.go","line":1927,"time":"2026-07-30T19:13:39+05:30","message":"Request completed successfully"}
2026/07/30 19:13:39 http: proxy error: dial tcp: lookup kubernetes.docker.internal: no such host
{"level":"info","duration_ms":"67.29","source":"C:/Users/at9306/Workspace/NetworkCatalouge/NetOps2_Fix_Laptop/NetOps2/backend/cmd/headlamp.go","line":1927,"time":"2026-07-30T19:13:39+05:30","message":"Request completed successfully"}
{"level":"info","duration_ms":"635.64","source":"C:/Users/at9306/Workspace/NetworkCatalouge/NetOps2_Fix_Laptop/NetOps2/backend/cmd/headlamp.go","line":1927,"time":"2026-07-30T19:13:40+05:30","message":"Request completed successfully"}
{"level":"info","duration_ms":"672.61","source":"C:/Users/at9306/Workspace/NetworkCatalouge/NetOps2_Fix_Laptop/NetOps2/backend/cmd/headlamp.go","line":1927,"time":"2026-07-30T19:13:40+05:30","message":"Request completed successfully"}
{"level":"info","duration_ms":"296.76","source":"C:/Users/at9306/Workspace/NetworkCatalouge/NetOps2_Fix_Laptop/NetOps2/backend/cmd/headlamp.go","line":1927,"time":"2026-07-30T19:13:40+05:30","message":"Request completed successfully"}
{"level":"info","duration_ms":"299.17","source":"C:/Users/at9306/Workspace/NetworkCatalouge/NetOps2_Fix_Laptop/NetOps2/backend/cmd/headlamp.go","line":1927,"time":"2026-07-30T19:13:40+05:30","message":"Request completed successfully"}
{"level":"info","duration_ms":"299.68","source":"C:/Users/at9306/Workspace/NetworkCatalouge/NetOps2_Fix_Laptop/NetOps2/backend/cmd/headlamp.go","line":1927,"time":"2026-07-30T19:13:41+05:30","message":"Request completed successfully"}
{"level":"info","duration_ms":"651.88","source":"C:/Users/at9306/Workspace/NetworkCatalouge/NetOps2_Fix_Laptop/NetOps2/backend/cmd/headlamp.go","line":1927,"time":"2026-07-30T19:13:41+05:30","message":"Request completed successfully"}
{"level":"info","duration_ms":"1722.99","source":"C:/Users/at9306/Workspace/NetworkCatalouge/NetOps2_Fix_Laptop/NetOps2/backend/cmd/headlamp.go","line":1927,"time":"2026-07-30T19:13:42+05:30","message":"Request completed successfully"}
{"level":"info","duration_ms":"8702.59","source":"C:/Users/at9306/Workspace/NetworkCatalouge/NetOps2_Fix_Laptop/NetOps2/backend/cmd/headlamp.go","line":1927,"time":"2026-07-30T19:13:51+05:30","message":"Request completed successfully"}
{"level":"info","duration_ms":"10779.17","source":"C:/Users/at9306/Workspace/NetworkCatalouge/NetOps2_Fix_Laptop/NetOps2/backend/cmd/headlamp.go","line":1927,"time":"2026-07-30T19:13:51+05:30","message":"Request completed successfully"}
{"level":"info","duration_ms":"295.25","source":"C:/Users/at9306/Workspace/NetworkCatalouge/NetOps2_Fix_Laptop/NetOps2/backend/cmd/headlamp.go","line":1927,"time":"2026-07-30T19:13:51+05:30","message":"Request completed successfully"}
{"level":"info","duration_ms":"347.92","source":"C:/Users/at9306/Workspace/NetworkCatalouge/NetOps2_Fix_Laptop/NetOps2/backend/cmd/headlamp.go","line":1927,"time":"2026-07-30T19:13:53+05:30","message":"Request completed successfully"}
2026/07/30 19:13:57 http: proxy error: dial tcp 127.0.0.1:60279: connectex: No connection could be made because the target machine actively refused it.
{"level":"info","duration_ms":"7.26","source":"C:/Users/at9306/Workspace/NetworkCatalouge/NetOps2_Fix_Laptop/NetOps2/backend/cmd/headlamp.go","line":1927,"time":"2026-07-30T19:13:57+05:30","message":"Request completed successfully"}
2026/07/30 19:13:57 http: proxy error: dial tcp: lookup kubernetes.docker.internal: no such host
{"level":"info","duration_ms":"46.97","source":"C:/Users/at9306/Workspace/NetworkCatalouge/NetOps2_Fix_Laptop/NetOps2/backend/cmd/headlamp.go","line":1927,"time":"2026-07-30T19:13:57+05:30","message":"Request completed successfully"}
{"level":"info","duration_ms":"359.94","source":"C:/Users/at9306/Workspace/NetworkCatalouge/NetOps2_Fix_Laptop/NetOps2/backend/cmd/headlamp.go","line":1927,"time":"2026-07-30T19:13:58+05:30","message":"Request completed successfully"}
{"level":"info","duration_ms":"362.47","source":"C:/Users/at9306/Workspace/NetworkCatalouge/NetOps2_Fix_Laptop/NetOps2/backend/cmd/headlamp.go","line":1927,"time":"2026-07-30T19:13:58+05:30","message":"Request completed successfully"}
{"level":"info","duration_ms":"381.41","source":"C:/Users/at9306/Workspace/NetworkCatalouge/NetOps2_Fix_Laptop/NetOps2/backend/cmd/headlamp.go","line":1927,"time":"2026-07-30T19:14:03+05:30","message":"Request completed successfully"}
2026/07/30 19:14:07 http: proxy error: dial tcp 127.0.0.1:60279: connectex: No connection could be made because the target machine actively refused it.
{"level":"info","duration_ms":"7.07","source":"C:/Users/at9306/Workspace/NetworkCatalouge/NetOps2_Fix_Laptop/NetOps2/backend/cmd/headlamp.go","line":1927,"time":"2026-07-30T19:14:07+05:30","message":"Request completed successfully"}
2026/07/30 19:14:07 http: proxy error: dial tcp: lookup kubernetes.docker.internal: no such host
{"level":"info","duration_ms":"41.21","source":"C:/Users/at9306/Workspace/NetworkCatalouge/NetOps2_Fix_Laptop/NetOps2/backend/cmd/headlamp.go","line":1927,"time":"2026-07-30T19:14:07+05:30","message":"Request completed successfully"}
{"level":"info","duration_ms":"397.33","source":"C:/Users/at9306/Workspace/NetworkCatalouge/NetOps2_Fix_Laptop/NetOps2/backend/cmd/headlamp.go","line":1927,"time":"2026-07-30T19:14:08+05:30","message":"Request completed successfully"}
{"level":"info","duration_ms":"398.57","source":"C:/Users/at9306/Workspace/NetworkCatalouge/NetOps2_Fix_Laptop/NetOps2/backend/cmd/headlamp.go","line":1927,"time":"2026-07-30T19:14:08+05:30","message":"Request completed successfully"}
{"level":"info","duration_ms":"17754.90","source":"C:/Users/at9306/Workspace/NetworkCatalouge/NetOps2_Fix_Laptop/NetOps2/backend/cmd/headlamp.go","line":1927,"time":"2026-07-30T19:14:10+05:30","message":"Request completed successfully"}
{"level":"info","duration_ms":"29146.34","source":"C:/Users/at9306/Workspace/NetworkCatalouge/NetOps2_Fix_Laptop/NetOps2/backend/cmd/headlamp.go","line":1927,"time":"2026-07-30T19:14:10+05:30","message":"Request completed successfully"}
{"level":"info","duration_ms":"432.60","source":"C:/Users/at9306/Workspace/NetworkCatalouge/NetOps2_Fix_Laptop/NetOps2/backend/cmd/headlamp.go","line":1927,"time":"2026-07-30T19:14:14+05:30","message":"Request completed successfully"}
{"level":"info","duration_ms":"416.52","source":"C:/Users/at9306/Workspace/NetworkCatalouge/NetOps2_Fix_Laptop/NetOps2/backend/cmd/headlamp.go","line":1927,"time":"2026-07-30T19:14:18+05:30","message":"Request completed successfully"}
{"level":"info","duration_ms":"294.33","source":"C:/Users/at9306/Workspace/NetworkCatalouge/NetOps2_Fix_Laptop/NetOps2/backend/cmd/headlamp.go","line":1927,"time":"2026-07-30T19:14:23+05:30","message":"Request completed successfully"}
{"level":"info","duration_ms":"294.30","source":"C:/Users/at9306/Workspace/NetworkCatalouge/NetOps2_Fix_Laptop/NetOps2/backend/cmd/headlamp.go","line":1927,"time":"2026-07-30T19:14:28+05:30","message":"Request completed successfully"}
{"level":"info","duration_ms":"298.29","source":"C:/Users/at9306/Workspace/NetworkCatalouge/NetOps2_Fix_Laptop/NetOps2/backend/cmd/headlamp.go","line":1927,"time":"2026-07-30T19:14:28+05:30","message":"Request completed successfully"}
2026/07/30 19:14:28 http: proxy error: dial tcp 127.0.0.1:60279: connectex: No connection could be made because the target machine actively refused it.
{"level":"info","duration_ms":"1.96","source":"C:/Users/at9306/Workspace/NetworkCatalouge/NetOps2_Fix_Laptop/NetOps2/backend/cmd/headlamp.go","line":1927,"time":"2026-07-30T19:14:28+05:30","message":"Request completed successfully"}
2026/07/30 19:14:28 http: proxy error: dial tcp: lookup kubernetes.docker.internal: no such host
{"level":"info","duration_ms":"218.62","source":"C:/Users/at9306/Workspace/NetworkCatalouge/NetOps2_Fix_Laptop/NetOps2/backend/cmd/headlamp.go","line":1927,"time":"2026-07-30T19:14:28+05:30","message":"Request completed successfully"}
{"level":"info","duration_ms":"299.29","source":"C:/Users/at9306/Workspace/NetworkCatalouge/NetOps2_Fix_Laptop/NetOps2/backend/cmd/headlamp.go","line":1927,"time":"2026-07-30T19:14:33+05:30","message":"Request completed successfully"}
{"level":"info","duration_ms":"292.88","source":"C:/Users/at9306/Workspace/NetworkCatalouge/NetOps2_Fix_Laptop/NetOps2/backend/cmd/headlamp.go","line":1927,"time":"2026-07-30T19:14:38+05:30","message":"Request completed successfully"}
{"level":"info","duration_ms":"296.53","source":"C:/Users/at9306/Workspace/NetworkCatalouge/NetOps2_Fix_Laptop/NetOps2/backend/cmd/headlamp.go","line":1927,"time":"2026-07-30T19:14:40+05:30","message":"Request completed successfully"}
{"level":"info","duration_ms":"1530.86","source":"C:/Users/at9306/Workspace/NetworkCatalouge/NetOps2_Fix_Laptop/NetOps2/backend/cmd/headlamp.go","line":1927,"time":"2026-07-30T19:14:43+05:30","message":"Request completed successfully"}
{"level":"info","duration_ms":"1262.69","source":"C:/Users/at9306/Workspace/NetworkCatalouge/NetOps2_Fix_Laptop/NetOps2/backend/cmd/headlamp.go","line":1927,"time":"2026-07-30T19:14:44+05:30","message":"Request completed successfully"}
{"level":"info","duration_ms":"1147.63","source":"C:/Users/at9306/Workspace/NetworkCatalouge/NetOps2_Fix_Laptop/NetOps2/backend/cmd/headlamp.go","line":1927,"time":"2026-07-30T19:14:44+05:30","message":"Request completed successfully"}
